open_time,open,high,low,close,volume,close_time,quote_volume,count,taker_buy_volume,taker_buy_quote_volume,ignore
1754179200000,158.4000,160.9800,156.1700,160.7400,2936444.79,1754193599999,467164538.663480,424115,1436331.89,228517200.786150,0
1754193600000,160.7400,161.4900,159.9000,161.2500,1393117.40,1754207999999,223702811.783300,196005,638459.28,102532184.029700,0
1754208000000,161.2600,162.7800,160.5800,161.3700,1874271.98,1754222399999,302851313.240900,241506,912627.82,147507486.930600,0
1754222400000,161.3700,162.2500,160.2700,162.0100,2544521.36,1754236799999,410134208.544780,306369,1188549.12,191642623.843900,0
1754236800000,162.0100,162.6500,161.0300,161.5200,1906324.76,1754251199999,308456507.772480,255134,960795.22,155466604.799180,0
1754251200000,161.5300,163.0700,160.6300,161.8400,2137135.17,1754265599999,345468025.207440,268067,1055199.93,170590783.481560,0
