open_time,open,high,low,close,volume,close_time,quote_volume,count,taker_buy_volume,taker_buy_quote_volume,ignore
1755129600000,201.5700,209.3600,200.6400,208.1100,8273577.05,1755143999999,1694419231.381690,1049094,4319891.76,884894682.911870,0
1755144000000,208.1100,210.1000,204.2000,205.8000,8158301.37,1755158399999,1690915366.240390,1020711,3841913.25,796443368.400580,0
1755158400000,205.7900,205.9900,202.0000,203.7500,6766020.15,1755172799999,1378513444.461980,827941,3214261.47,654992080.828280,0
1755172800000,203.7400,205.6400,186.4700,194.8400,24328780.96,1755187199999,4755400073.884130,2348047,11386794.78,2226946118.295840,0
1755187200000,194.8400,195.5000,190.5000,192.8900,6865522.53,1755201599999,1326111739.037120,854492,3330722.48,643523741.444960,0
1755201600000,192.8900,193.2100,187.2500,192.3900,5227936.38,1755215999999,997017305.109740,611924,2500969.99,477268265.466070,0
