open_time,open,high,low,close,volume,close_time,quote_volume,count,taker_buy_volume,taker_buy_quote_volume,ignore
1754092800000,162.6100,164.9500,162.4500,164.3100,2037891.55,1754107199999,334333393.468400,283508,1003003.11,164540916.534900,0
1754107200000,164.3000,165.1900,161.7300,164.3700,2356287.55,1754121599999,385240686.433730,340272,1197388.23,195765642.302150,0
1754121600000,164.3700,165.0300,162.1300,164.4000,2600398.67,1754135999999,425647605.995240,345191,1284833.71,210316848.797560,0
1754136000000,164.3900,164.8800,160.9500,161.4500,2812795.75,1754150399999,458762909.399300,383449,1326728.53,216441938.362460,0
1754150400000,161.4500,162.1300,155.7200,157.3400,7505974.14,1754164799999,1190519152.013070,756243,3388571.35,537746995.044180,0
1754164800000,157.3400,159.7000,156.9100,158.4000,2971993.23,1754179199999,470813693.497270,395086,1435988.92,227501403.601120,0
