open_time,open,high,low,close,volume,close_time,quote_volume,count,taker_buy_volume,taker_buy_quote_volume,ignore
1754006400000,172.1500,172.1900,167.2400,171.0200,6518611.59,1754020799999,1108745830.054500,741868,3166707.12,538833790.898450,0
1754020800000,171.0300,171.0300,167.8600,169.3300,3899370.00,1754035199999,659502134.107920,530292,1753674.33,296596897.784000,0
1754035200000,169.3300,169.3300,166.0000,169.1000,4472684.41,1754049599999,750521708.507230,563601,2114578.51,354969124.631910,0
1754049600000,169.1000,170.2800,164.4200,168.5000,7708660.38,1754063999999,1293583909.176860,890306,3752770.96,629848785.291440,0
1754064000000,168.5000,169.7000,164.9000,166.4100,5409268.03,1754078399999,901472788.431230,709460,2577195.64,429536797.775080,0
1754078400000,166.4000,166.7800,159.0200,162.6100,6951646.32,1754092799999,1128064862.190670,808807,3106522.42,504325578.263720,0
