open_time,open,high,low,close,volume,close_time,quote_volume,count,taker_buy_volume,taker_buy_quote_volume,ignore
1754956800000,0.0112215,0.0113796,0.0111863,0.0112185,7271977369,1754971199999,81988576.7731045,284196,3906387858,44055600.2809983,0
1754971200000,0.0112184,0.0113594,0.0111070,0.0113300,9000069388,1754985599999,101333996.0501569,377422,4523598762,50962338.5486248,0
1754985600000,0.0113300,0.0113713,0.0110646,0.0112412,9205869510,1754999999999,103189172.4880729,296760,4346746871,48737175.5900604,0
1755000000000,0.0112412,0.0120274,0.0111746,0.0119584,35724079257,1755014399999,414282131.8373764,909752,18600673276,215721125.1214035,0
1755014400000,0.0119585,0.0121936,0.0118500,0.0121563,18929646599,1755028799999,227884900.4245420,612377,9276810114,111726476.5896973,0
1755028800000,0.0121566,0.0123580,0.0120539,0.0121396,12978381224,1755043199999,158528613.2176771,448090,5996137202,73279346.0796821,0
