open_time,open,high,low,close,volume,close_time,quote_volume,count,taker_buy_volume,taker_buy_quote_volume,ignore
1754006400000,0.0107717,0.0108215,0.0104124,0.0107481,22106858289,1754020799999,235566274.0724175,691767,10722348312,114323313.2646017,0
1754020800000,0.0107480,0.0107480,0.0104710,0.0105670,12370227141,1754035199999,131111400.5431981,407579,6152662901,65217865.1838604,0
1754035200000,0.0105669,0.0106094,0.0103187,0.0105828,16726536307,1754049599999,175062235.9640915,485534,8377729446,87744963.3074666,0
1754049600000,0.0105828,0.0106956,0.0102612,0.0106415,22227906755,1754063999999,234289745.3103406,670727,10942159338,115369382.9823896,0
1754064000000,0.0106415,0.0107629,0.0103680,0.0106876,20521745934,1754078399999,216628414.6925252,625129,10259137295,108332128.2383057,0
1754078400000,0.0106864,0.0107173,0.0100381,0.0103810,23831518612,1754092799999,246862928.1195718,731447,11191363492,115964056.9079189,0
