open_time,open,high,low,close,volume,close_time,quote_volume,count,taker_buy_volume,taker_buy_quote_volume,ignore
1754870400000,0.0120678,0.0123999,0.0119861,0.0123383,11641375740,1754884799999,142433620.7814658,494971,5754555869,70422003.3348054,0
1754884800000,0.0123383,0.0124283,0.0119530,0.0119786,9906815393,1754899199999,120900044.7090159,411774,4389814559,53628325.2124321,0
1754899200000,0.0119785,0.0121467,0.0115437,0.0115991,18773854090,1754913599999,222661328.1876944,635768,8316319089,98672823.5058489,0
1754913600000,0.0115990,0.0117600,0.0114431,0.0117218,20154524843,1754927999999,233878682.9174835,740040,10136599108,117673467.1239922,0
1754928000000,0.0117219,0.0118685,0.0113527,0.0114241,16108625724,1754942399999,187231158.2653733,592183,7314846337,85113992.1491388,0
1754942400000,0.0114240,0.0114685,0.0111229,0.0112214,10884706920,1754956799999,122773240.6292559,394471,5141769330,58004960.3898720,0
