open_time,open,high,low,close,volume,close_time,quote_volume,count,taker_buy_volume,taker_buy_quote_volume,ignore
1754784000000,0.0124001,0.0126440,0.0123476,0.0126203,11469183084,1754798399999,143340898.1508429,538005,5529652048,69120570.4535962,0
1754798400000,0.0126204,0.0126283,0.0119642,0.0120042,15711997569,1754812799999,192613811.7046107,538750,6774782303,83090846.5124558,0
1754812800000,0.0120042,0.0121253,0.0118233,0.0119155,14137842686,1754827199999,169576450.4903180,513689,6874431087,82497043.0424401,0
1754827200000,0.0119156,0.0120905,0.0117880,0.0119686,10730881198,1754841599999,128186939.7413830,407783,5644213386,67479334.9195175,0
1754841600000,0.0119685,0.0121748,0.0119506,0.0121217,6183356436,1754855999999,74645594.6548159,314067,3273603056,39531765.9245778,0
1754856000000,0.0121216,0.0121499,0.0118810,0.0120679,8755097454,1754870399999,105140868.0826504,347421,3970004539,47682183.4845063,0
