open_time,open,high,low,close,volume,close_time,quote_volume,count,taker_buy_volume,taker_buy_quote_volume,ignore
1754352000000,0.0107482,0.0107902,0.0104907,0.0105008,9462946004,1754366399999,100625509.7815219,263286,4267590274,45382319.1768488,0
1754366400000,0.0105007,0.0106038,0.0102836,0.0103491,11596389367,1754380799999,121317695.3180717,315998,5650626784,59185112.4399271,0
1754380800000,0.0103491,0.0106870,0.0103147,0.0106656,10958337283,1754395199999,115316407.9348839,316885,5144858527,54134110.3708653,0
1754395200000,0.0106656,0.0106775,0.0100348,0.0101062,26550744552,1754409599999,273228676.6137227,773781,12279710124,126424849.7004195,0
1754409600000,0.0101062,0.0102129,0.0100245,0.0100719,9997120759,1754423999999,101307899.7752143,322991,4941440177,50088137.2267832,0
1754424000000,0.0100720,0.0102253,0.0099711,0.0101938,8561545104,1754438399999,86594812.9464375,262581,4050256478,40995974.6133212,0
