open_time,open,high,low,close,volume,close_time,quote_volume,count,taker_buy_volume,taker_buy_quote_volume,ignore
1754179200000,0.0101265,0.0103368,0.0099903,0.0103113,8745824878,1754193599999,89221975.1486761,288469,4556026901,46510743.6617857,0
1754193600000,0.0103114,0.0103843,0.0102775,0.0103670,5753466570,1754207999999,59425710.9766410,141031,2871996141,29669262.0576055,0
1754208000000,0.0103671,0.0105352,0.0103215,0.0104576,9869825176,1754222399999,102924783.3041660,204595,4675103952,48741666.9417586,0
1754222400000,0.0104576,0.0105231,0.0103972,0.0104504,8757890414,1754236799999,91606200.4079514,221276,4208724635,44031559.8833366,0
1754236800000,0.0104503,0.0105500,0.0104045,0.0104672,6513392084,1754251199999,68176466.4076079,177270,3492001510,36556295.3174589,0
1754251200000,0.0104672,0.0105311,0.0104007,0.0104508,5269057366,1754265599999,55101762.0376796,179196,2546832852,26637049.6185020,0
