open_time,open,high,low,close,volume,close_time,quote_volume,count,taker_buy_volume,taker_buy_quote_volume,ignore
1754092800000,0.0103811,0.0105556,0.0103624,0.0105406,5669006861,1754107199999,59451269.8924327,193381,2752543567,28869943.9483326,0
1754107200000,0.0105406,0.0106322,0.0103000,0.0105968,12015182831,1754121599999,125886648.3216403,353827,5988367007,62729521.1160680,0
1754121600000,0.0105968,0.0106094,0.0102732,0.0103852,11752230446,1754135999999,122429288.0271644,346306,5563210240,57939231.0557701,0
1754136000000,0.0103852,0.0104346,0.0101480,0.0101932,13364606738,1754150399999,137396178.4176845,429712,6509946308,66955295.9705924,0
1754150400000,0.0101933,0.0102807,0.0098600,0.0100232,22697820052,1754164799999,228301366.5740267,674961,10316569541,103757543.7998376,0
1754164800000,0.0100236,0.0102085,0.0100183,0.0101264,10191361208,1754179199999,103041628.2129676,354677,5116409315,51720912.2933006,0
