open_time,open,high,low,close,volume,close_time,quote_volume,count,taker_buy_volume,taker_buy_quote_volume,ignore
1754524800000,0.0105521,0.0106196,0.0104620,0.0104793,6303244114,1754539199999,66335826.8758190,208120,2890726307,30434533.0557415,0
1754539200000,0.0104793,0.0105923,0.0104660,0.0105158,6282774602,1754553599999,66135635.6017503,205291,3094456457,32571325.3031376,0
1754553600000,0.0105158,0.0109034,0.0104934,0.0108892,18822402870,1754567999999,202070706.9143919,413692,9880045676,106133766.2321880,0
1754568000000,0.0108891,0.0109962,0.0107712,0.0108823,16895739363,1754582399999,183364286.3980538,421450,8500166561,92289404.6785924,0
1754582400000,0.0108822,0.0109650,0.0105500,0.0109364,13772588439,1754596799999,148423854.3177774,433361,6130497216,66107917.8260893,0
1754596800000,0.0109364,0.0111364,0.0109100,0.0111122,9541874717,1754611199999,105055499.5930232,287238,4871148901,53649790.4824561,0
