open_time,open,high,low,close,volume,close_time,quote_volume,count,taker_buy_volume,taker_buy_quote_volume,ignore
1755302400000,0.0108006,0.0109526,0.0107810,0.0108581,6245273857,1755316799999,67998738.3606230,224190,3115016586,33926322.0223920,0
1755316800000,0.0108581,0.0109223,0.0107772,0.0108471,6065282149,1755331199999,65755569.1401739,195644,2978609077,32296418.2850832,0
1755331200000,0.0108472,0.0109368,0.0107858,0.0108336,8716279884,1755345599999,94668648.6990795,280006,4400892268,47798216.5325061,0
1755345600000,0.0108336,0.0110505,0.0108106,0.0110070,10929874488,1755359999999,119778705.1406785,344183,5645472411,61880287.8241806,0
1755360000000,0.0110070,0.0110930,0.0109552,0.0109608,4900544787,1755374399999,53926094.5957136,216476,2373957439,26128032.6235211,0
1755374400000,0.0109609,0.0111080,0.0109548,0.0110811,4983441194,1755388799999,55028165.4051404,147825,2313869991,25541737.3463773,0
