open_time,open,high,low,close,volume,close_time,quote_volume,count,taker_buy_volume,taker_buy_quote_volume,ignore
1755216000000,0.0110419,0.0111863,0.0109706,0.0111475,9546748594,1755230399999,105844971.0663305,308187,5436784978,60288311.8559712,0
1755230400000,0.0111476,0.0112725,0.0110850,0.0111481,9564249429,1755244799999,106903017.5264660,302450,4685021919,52384889.4594171,0
1755244800000,0.0111481,0.0111963,0.0110103,0.0111135,7659521401,1755259199999,85151005.7520118,269971,3610450394,40155760.3378664,0
1755259200000,0.0111135,0.0112330,0.0105786,0.0106696,27637641564,1755273599999,301878215.1785411,804995,12089362843,132185614.4559269,0
1755273600000,0.0106697,0.0108138,0.0105139,0.0106314,17300806828,1755287999999,184573258.4045464,473681,8654582738,92396065.4919623,0
1755288000000,0.0106318,0.0109328,0.0105955,0.0108007,8319184552,1755302399999,89623850.0070562,292580,4384837013,47250860.9514212,0
