open_time,open,high,low,close,volume,close_time,quote_volume,count,taker_buy_volume,taker_buy_quote_volume,ignore
1754697600000,0.0118189,0.0118411,0.0116303,0.0116542,6970200486,1754711999999,81798721.0655307,231820,3365377952,39515000.8173535,0
1754712000000,0.0116541,0.0123768,0.0116382,0.0123019,22277155908,1754726399999,270241878.5702222,695740,11785549314,142769919.4723343,0
1754726400000,0.0123019,0.0124581,0.0122500,0.0123918,14324442352,1754740799999,176806641.2823567,432788,6986372007,86253964.6552931,0
1754740800000,0.0123919,0.0126489,0.0121783,0.0123207,23695034248,1754755199999,293480170.5629012,637957,11353118250,140664530.9212855,0
1754755200000,0.0123207,0.0124683,0.0122084,0.0124270,10376186117,1754769599999,128053425.7208260,361414,5431528965,67036586.2804857,0
1754769600000,0.0124269,0.0126194,0.0123387,0.0123993,9574039591,1754783999999,119185807.6983751,375678,4449912678,55432462.4418825,0
