open_time,open,high,low,close,volume,close_time,quote_volume,count,taker_buy_volume,taker_buy_quote_volume,ignore
1755043200000,0.0121400,0.0124115,0.0120363,0.0123043,16717523280,1755057599999,204334586.2321069,521883,8217927327,100546307.5510703,0
1755057600000,0.0123043,0.0124600,0.0119800,0.0121775,16565005413,1755071999999,201650396.1717072,507259,7412654791,90280386.4974850,0
1755072000000,0.0121775,0.0125140,0.0121657,0.0123150,18905328868,1755086399999,233777110.2086334,544657,9413463458,116426570.4790461,0
1755086400000,0.0123151,0.0124522,0.0119500,0.0121298,25286010489,1755100799999,308104697.6264134,746024,11786898401,143694726.8757514,0
1755100800000,0.0121305,0.0122798,0.0120131,0.0122302,12543396943,1755115199999,152674729.1174813,431938,6220608115,75748966.6687442,0
1755115200000,0.0122302,0.0124388,0.0121175,0.0122554,10721570989,1755129599999,131601613.9358192,381620,5727256743,70312898.2006828,0
