open_time,open,high,low,close,volume,close_time,quote_volume,count,taker_buy_volume,taker_buy_quote_volume,ignore
1754438400000,0.0101939,0.0101967,0.0099700,0.0100086,7490375650,1754452799999,75366190.9600923,236311,3577307982,35994794.6404900,0
1754452800000,0.0100084,0.0102855,0.0099551,0.0102697,10858499275,1754467199999,110318208.6043583,296678,5372189644,54572434.2241359,0
1754467200000,0.0102697,0.0103614,0.0101695,0.0102774,8801321024,1754481599999,90380599.4988868,249696,4168448300,42797329.5423127,0
1754481600000,0.0102774,0.0105869,0.0101857,0.0105491,14829108101,1754495999999,153589300.7881084,491187,8002803016,82942520.7965208,0
1754496000000,0.0105496,0.0106039,0.0104060,0.0105251,9666007675,1754510399999,101630731.9665917,346355,4677056795,49166999.2579454,0
1754510400000,0.0105246,0.0105624,0.0104589,0.0105522,3862669794,1754524799999,40634004.1020416,159013,1872746115,19704519.6601985,0
