open_time,open,high,low,close,volume,close_time,quote_volume,count,taker_buy_volume,taker_buy_quote_volume,ignore
1755129600000,0.0122555,0.0126983,0.0120778,0.0125419,20587688693,1755143999999,254909840.4502151,603700,10716348583,132841424.8081377,0
1755144000000,0.0125411,0.0125553,0.0119566,0.0120999,20810757919,1755158399999,253847728.1835020,569264,9459744993,115368185.5083953,0
1755158400000,0.0121003,0.0121030,0.0117288,0.0118202,16998078207,1755172799999,201985757.2843700,528617,7529598749,89506942.2069288,0
1755172800000,0.0118201,0.0118746,0.0109578,0.0112010,48150902689,1755187199999,544474592.7309015,1151457,23176352967,262062809.2228655,0
1755187200000,0.0112024,0.0112024,0.0109150,0.0110356,14964441648,1755201599999,165935939.4302112,462329,6584459932,73066470.8215351,0
1755201600000,0.0110362,0.0110921,0.0108060,0.0110419,11123068895,1755215999999,121991481.6164718,338247,5175359871,56807360.7033868,0
