open_time,open,high,low,close,volume,close_time,quote_volume,count,taker_buy_volume,taker_buy_quote_volume,ignore
1754611200000,0.0111122,0.0112356,0.0109763,0.0111054,16537407267,1754625599999,183256599.1111143,591077,8317974622,92220230.2266772,0
1754625600000,0.0111054,0.0112928,0.0109542,0.0112582,9470096335,1754639999999,105156377.2655675,291476,4837287610,53768792.9998899,0
1754640000000,0.0112582,0.0113956,0.0109100,0.0111808,15385250895,1754654399999,172100895.5362751,404008,7352928644,82278017.1406756,0
1754654400000,0.0111808,0.0114839,0.0110415,0.0112029,22542500382,1754668799999,253642305.1051546,620668,10414267093,117184880.3523793,0
1754668800000,0.0112031,0.0119746,0.0111981,0.0119608,24141695612,1754683199999,281943348.6660234,802635,12211373289,142631147.2121645,0
1754683200000,0.0119609,0.0120180,0.0117646,0.0118189,8637228233,1754697599999,102539508.9985233,323639,3878411830,46057274.4842298,0
