open_time,open,high,low,close,volume,close_time,quote_volume,count,taker_buy_volume,taker_buy_quote_volume,ignore
1754265600000,0.0104508,0.0106862,0.0104421,0.0105208,10322086264,1754279999999,109077856.2213748,257470,5211511312,55093308.4065016,0
1754280000000,0.0105207,0.0105601,0.0104057,0.0105138,7615578167,1754294399999,79811194.0592112,181064,3641021652,38159071.3094279,0
1754294400000,0.0105138,0.0105798,0.0103342,0.0103915,8995095774,1754308799999,94031407.0705739,213990,4200381134,43930521.3785225,0
1754308800000,0.0103916,0.0106800,0.0103616,0.0105465,16944526896,1754323199999,178663717.3739344,419159,8520753887,89865250.2915366,0
1754323200000,0.0105467,0.0108161,0.0104746,0.0105286,14617980392,1754337599999,155642537.2457091,374459,7179052543,76441909.3680073,0
1754337600000,0.0105286,0.0108037,0.0105105,0.0107482,9461586901,1754351999999,101211623.4398866,289165,4865856749,52040025.8029498,0
