open_time,open,high,low,close,volume,close_time,quote_volume,count,taker_buy_volume,taker_buy_quote_volume,ignore
1754006400000,3.612200,3.632300,3.351900,3.457700,413454225.4,1754092799999,1453650042.3492100,3285771,197196703.6,693712237.6288200,0
