open_time,open,high,low,close,volume,close_time,quote_volume,count,taker_buy_volume,taker_buy_quote_volume,ignore
1754438400000,3.409500,3.527800,3.325700,3.497400,169963865.4,1754524799999,583317579.8082300,1505085,82591326.3,283537492.9523900,0
