open_time,open,high,low,close,volume,close_time,quote_volume,count,taker_buy_volume,taker_buy_quote_volume,ignore
1755388800000,3.771500,3.893400,3.737400,3.763100,149127520.1,1755475199999,569002749.9995400,1085595,71913628.7,274454570.6644800,0
