open_time,open,high,low,close,volume,close_time,quote_volume,count,taker_buy_volume,taker_buy_quote_volume,ignore
1754956800000,3.651600,3.933300,3.599900,3.882500,241211318.2,1755043199999,908507609.0988200,1753515,119234289.4,449319773.1334400,0
