open_time,open,high,low,close,volume,close_time,quote_volume,count,taker_buy_volume,taker_buy_quote_volume,ignore
1754352000000,3.588100,3.601100,3.339300,3.409300,230952953.7,1754438399999,798669176.3949200,1868657,109238074.5,377855205.7998600,0
