open_time,open,high,low,close,volume,close_time,quote_volume,count,taker_buy_volume,taker_buy_quote_volume,ignore
1755043200000,3.882400,4.073600,3.815300,4.005100,305937769.6,1755129599999,1211855837.6828500,1968528,149892164.5,593904462.2975700,0
