open_time,open,high,low,close,volume,close_time,quote_volume,count,taker_buy_volume,taker_buy_quote_volume,ignore
1754524800000,3.497300,3.794200,3.441200,3.788600,251164418.0,1754611199999,918519132.6923500,2075671,122328082.4,447270814.9080400,0
