open_time,open,high,low,close,volume,close_time,quote_volume,count,taker_buy_volume,taker_buy_quote_volume,ignore
1754784000000,3.896900,4.000000,3.780000,3.874400,203952892.5,1754870399999,790043712.2719900,1803425,98315737.1,381040728.3185300,0
