open_time,open,high,low,close,volume,close_time,quote_volume,count,taker_buy_volume,taker_buy_quote_volume,ignore
1755216000000,3.753000,3.879900,3.616100,3.708700,244886933.9,1755302399999,920313535.2877000,1778252,117740527.1,442392793.8104600,0
