open_time,open,high,low,close,volume,close_time,quote_volume,count,taker_buy_volume,taker_buy_quote_volume,ignore
1754092800000,3.457700,3.532900,3.264900,3.333100,219635016.1,1754179199999,745885767.1610400,1949969,102621430.1,348716233.4202600,0
