open_time,open,high,low,close,volume,close_time,quote_volume,count,taker_buy_volume,taker_buy_quote_volume,ignore
1755302400000,3.708700,3.780000,3.665000,3.771500,117737725.4,1755388799999,438884405.2018900,1006884,56362286.0,210158379.8814400,0
