open_time,open,high,low,close,volume,close_time,quote_volume,count,taker_buy_volume,taker_buy_quote_volume,ignore
1754870400000,3.874500,3.977900,3.619400,3.651700,285622780.9,1754956799999,1080842750.8811500,2167945,132209124.2,500409323.8695000,0
