open_time,open,high,low,close,volume,close_time,quote_volume,count,taker_buy_volume,taker_buy_quote_volume,ignore
1755129600000,4.005100,4.182900,3.650000,3.753000,407332924.9,1755215999999,1586797851.9313700,2675254,194373697.1,757849163.8561500,0
