open_time,open,high,low,close,volume,close_time,quote_volume,count,taker_buy_volume,taker_buy_quote_volume,ignore
1754265600000,3.444700,3.634100,3.406200,3.588200,232890274.9,1754351999999,818047811.5060200,1961155,113862946.5,399998501.5090600,0
