open_time,open,high,low,close,volume,close_time,quote_volume,count,taker_buy_volume,taker_buy_quote_volume,ignore
1754265600000,0.198660,0.202970,0.198370,0.201590,1138193412,1754279999999,229275845.339250,335387,569448219,114721639.598870,0
1754280000000,0.201590,0.203750,0.199470,0.203010,1016489019,1754294399999,204830764.351610,274292,528293511,106482319.783580,0
1754294400000,0.203000,0.203980,0.200200,0.200940,866496863,1754308799999,174966110.941070,252524,419001469,84615719.192820,0
1754308800000,0.200950,0.206190,0.200380,0.203740,1571460260,1754323199999,320236082.499640,418285,756491701,154136436.933230,0
1754323200000,0.203740,0.209700,0.203740,0.204560,1295205324,1754337599999,267511866.290250,365564,646182297,133513077.011890,0
1754337600000,0.204560,0.211190,0.204240,0.210310,898715562,1754351999999,187533887.233370,313251,456981832,95323915.300120,0
