open_time,open,high,low,close,volume,close_time,quote_volume,count,taker_buy_volume,taker_buy_quote_volume,ignore
1754006400000,0.209670,0.210480,0.203200,0.209030,2088423317,1754020799999,433307043.936710,722452,1002347160,208120123.356230,0
1754020800000,0.209030,0.209030,0.203790,0.205890,1263296095,1754035199999,260552571.871310,459826,607666718,125364775.139100,0
1754035200000,0.205890,0.207470,0.200760,0.207410,1578064371,1754049599999,322292292.600760,531655,795749688,162628588.154300,0
1754049600000,0.207410,0.210200,0.201820,0.209530,2349687438,1754063999999,486629946.623250,753045,1195200359,247564383.967510,0
1754064000000,0.209520,0.212500,0.203690,0.208310,1967985385,1754078399999,408645100.719070,653778,932864742,193719316.164610,0
1754078400000,0.208300,0.208770,0.195110,0.200850,2691148137,1754092799999,542018470.149380,864816,1241892358,250394655.268260,0
