open_time,open,high,low,close,volume,close_time,quote_volume,count,taker_buy_volume,taker_buy_quote_volume,ignore
1754870400000,0.233780,0.241680,0.232100,0.239220,1655010486,1754884799999,392918891.327710,538884,837337318,198761840.091320,0
1754884800000,0.239220,0.241220,0.233110,0.233330,1321516024,1754899199999,314011337.091800,382790,604816162,143769400.696930,0
1754899200000,0.233330,0.236640,0.226810,0.228240,2054977919,1754913599999,476826889.783140,585090,932052262,216302738.657990,0
1754913600000,0.228230,0.231500,0.225550,0.231410,2378733842,1754927999999,543631701.415780,708672,1206000548,275750261.921120,0
1754928000000,0.231410,0.233710,0.225880,0.227380,1534145371,1754942399999,353407910.593500,489147,757691989,174630185.260090,0
1754942400000,0.227380,0.227830,0.221110,0.221980,1294032212,1754956799999,289902077.192700,435677,562789414,126099003.019330,0
