open_time,open,high,low,close,volume,close_time,quote_volume,count,taker_buy_volume,taker_buy_quote_volume,ignore
1754438400000,0.199710,0.199760,0.195960,0.196320,690528684,1754452799999,136426335.418680,249094,334648650,66137082.004090,0
1754452800000,0.196320,0.202300,0.195510,0.201260,1178893449,1754467199999,235297207.104760,347087,607282428,121207922.144100,0
1754467200000,0.201260,0.201930,0.198640,0.200420,891663917,1754481599999,178616511.958150,265155,408772995,81893703.584650,0
1754481600000,0.200420,0.205680,0.198430,0.205140,1398222970,1754495999999,281632827.656890,451968,728221580,146768942.835870,0
1754496000000,0.205140,0.207090,0.203090,0.205750,917893909,1754510399999,188287404.416300,300436,447616442,91829139.299630,0
1754510400000,0.205750,0.205780,0.204380,0.205190,329008343,1754524799999,67518090.226210,138873,147993438,30368845.866370,0
