open_time,open,high,low,close,volume,close_time,quote_volume,count,taker_buy_volume,taker_buy_quote_volume,ignore
1754697600000,0.230330,0.233770,0.229620,0.230160,781426468,1754711999999,180664444.721660,322652,380315465,87956134.837460,0
1754712000000,0.230170,0.236650,0.229670,0.235710,1413649017,1754726399999,331016452.631290,443642,710918541,166453295.731580,0
1754726400000,0.235700,0.238700,0.235010,0.237670,1156842026,1754740799999,274246717.863340,366582,572161434,135654737.628920,0
1754740800000,0.237670,0.244480,0.235750,0.240650,2374556272,1754755199999,570012997.853900,736598,1170877280,281204087.804580,0
1754755200000,0.240650,0.246730,0.240170,0.242940,1945685660,1754769599999,474283249.011460,631419,970706946,236692057.001030,0
1754769600000,0.242940,0.245020,0.239350,0.239890,1217553538,1754783999999,294377058.552500,415555,561032646,135720941.217660,0
