open_time,open,high,low,close,volume,close_time,quote_volume,count,taker_buy_volume,taker_buy_quote_volume,ignore
1754352000000,0.210310,0.210970,0.206020,0.206330,917030230,1754366399999,191236886.628700,273822,405446986,84566139.800410,0
1754366400000,0.206340,0.207380,0.201440,0.201790,1227000085,1754380799999,251036702.334790,307237,540165377,110582262.324620,0
1754380800000,0.201780,0.208790,0.201200,0.207380,999322160,1754395199999,205454241.469900,322143,475799487,97823215.241760,0
1754395200000,0.207370,0.207590,0.197190,0.198140,2358642424,1754409599999,474966693.915290,677143,1095429333,220615334.405510,0
1754409600000,0.198140,0.200030,0.196790,0.197740,974657799,1754423999999,193652657.934040,359830,480687920,95561367.240180,0
1754424000000,0.197750,0.200240,0.195910,0.199710,732913641,1754438399999,145391591.741000,268791,370692287,73568721.263930,0
