open_time,open,high,low,close,volume,close_time,quote_volume,count,taker_buy_volume,taker_buy_quote_volume,ignore
1755302400000,0.228740,0.236150,0.228030,0.232640,1442851981,1755316799999,336271950.802690,494245,714409431,166589600.337350,0
1755316800000,0.232640,0.233750,0.229570,0.233010,875578589,1755331199999,202998078.689400,300516,412206584,95609076.759180,0
1755331200000,0.233000,0.234900,0.227050,0.227180,1447995099,1755345599999,334920511.960490,422039,624073690,144444996.780740,0
1755345600000,0.227190,0.230390,0.225140,0.228480,1167318011,1755359999999,266105977.269970,389807,608401455,138747458.616720,0
1755360000000,0.228480,0.230990,0.227900,0.229200,592227686,1755374399999,135866885.969260,262737,298645540,68520159.550310,0
1755374400000,0.229190,0.231440,0.228700,0.231030,433233029,1755388799999,99671234.188540,173792,207675309,47782954.758870,0
