open_time,open,high,low,close,volume,close_time,quote_volume,count,taker_buy_volume,taker_buy_quote_volume,ignore
1754956800000,0.221980,0.227410,0.221780,0.224430,927545538,1754971199999,208508238.476920,275913,489507729,110049676.196640,0
1754971200000,0.224420,0.226350,0.221150,0.225120,917596375,1754985599999,205654211.151620,280972,441730097,99052412.645880,0
1754985600000,0.225120,0.225540,0.218540,0.221390,1258084767,1754999999999,278766255.827160,320352,540772803,119872268.458190,0
1755000000000,0.221390,0.229830,0.220530,0.229440,2416830913,1755014399999,546022198.102560,639489,1220920395,275900351.514750,0
1755014400000,0.229450,0.236030,0.227900,0.235640,1650237240,1755028799999,382654619.029870,465954,869221847,201672307.183360,0
1755028800000,0.235650,0.238290,0.234620,0.235710,1228359951,1755043199999,290462103.749210,351360,552446576,130630860.173420,0
