open_time,open,high,low,close,volume,close_time,quote_volume,count,taker_buy_volume,taker_buy_quote_volume,ignore
1755129600000,0.244780,0.255780,0.242570,0.252690,2358719942,1755143999999,588236671.255310,680697,1168367190,291523653.753680,0
1755144000000,0.252690,0.254580,0.243560,0.245150,2323768693,1755158399999,576910848.278790,670064,1087617848,269913366.027480,0
1755158400000,0.245150,0.245240,0.236160,0.238030,1947235363,1755172799999,468302177.529080,600075,867117745,208597935.857190,0
1755172800000,0.238040,0.239300,0.217930,0.225300,5480626921,1755187199999,1246060427.603600,1426230,2532047294,575736363.359290,0
1755187200000,0.225300,0.225410,0.220680,0.223360,1597247415,1755201599999,356617612.435700,538795,752051186,167954402.238550,0
1755201600000,0.223370,0.224200,0.217300,0.223680,1243417288,1755215999999,274752623.874250,396961,579084592,128096500.435030,0
