open_time,open,high,low,close,volume,close_time,quote_volume,count,taker_buy_volume,taker_buy_quote_volume,ignore
1755043200000,0.235720,0.239960,0.231310,0.238080,2002219692,1755057599999,471346693.976530,501552,968637437,228157473.044540,0
1755057600000,0.238080,0.244950,0.234440,0.244840,2059493690,1755071999999,491675411.340870,547523,1053812884,251806346.851710,0
1755072000000,0.244840,0.250560,0.244400,0.246560,2776025374,1755086399999,688188866.065890,783691,1387489572,344033660.825270,0
1755086400000,0.246570,0.248640,0.239200,0.241180,2827594641,1755100799999,689175459.650630,814626,1321188955,322214721.005790,0
1755100800000,0.241190,0.244240,0.240200,0.243830,1295347663,1755115199999,314049190.732810,422905,615098441,149171243.473400,0
1755115200000,0.243830,0.246190,0.241880,0.244780,899248607,1755129599999,219775801.473300,317360,461076693,112733983.151060,0
