open_time,open,high,low,close,volume,close_time,quote_volume,count,taker_buy_volume,taker_buy_quote_volume,ignore
1755216000000,0.223690,0.229890,0.222740,0.229760,1212091716,1755230399999,273530759.164310,388880,636335274,143626265.997820,0
1755230400000,0.229760,0.233020,0.227360,0.230480,1724954454,1755244799999,397283885.349760,435906,809867723,186595220.205840,0
1755244800000,0.230480,0.232720,0.228710,0.229670,1029229572,1755259199999,237552876.530450,347758,471737969,108917190.790830,0
1755259200000,0.229660,0.232290,0.220830,0.222300,2757419695,1755273599999,625233895.386940,842757,1277534629,289758692.840550,0
1755273600000,0.222300,0.225280,0.220040,0.221660,1563495094,1755287999999,348321361.591970,507841,809610009,180411639.416830,0
1755288000000,0.221650,0.231710,0.220630,0.228750,1689075301,1755302399999,384062777.240660,490607,882927080,200714885.445250,0
