open_time,open,high,low,close,volume,close_time,quote_volume,count,taker_buy_volume,taker_buy_quote_volume,ignore
1754611200000,0.222170,0.224800,0.219450,0.222800,2005015037,1754625599999,444645993.365530,689987,963961170,213800845.260500,0
1754625600000,0.222800,0.225070,0.219560,0.224430,1022352652,1754639999999,226885646.173180,300533,518572255,115173521.335080,0
1754640000000,0.224420,0.226780,0.221400,0.223510,1059698658,1754654399999,236835873.868760,303209,520146308,116264276.693970,0
1754654400000,0.223510,0.229390,0.219500,0.221160,1999528377,1754668799999,447710082.497120,641162,948787783,212645538.223520,0
1754668800000,0.221160,0.229810,0.220680,0.229050,1528084295,1754683199999,345333719.599820,493204,788790034,178174158.372720,0
1754683200000,0.229050,0.232450,0.227020,0.230320,922362033,1754697599999,212240724.797850,331479,467085124,107484597.575940,0
