open_time,open,high,low,close,volume,close_time,quote_volume,count,taker_buy_volume,taker_buy_quote_volume,ignore
1754784000000,0.239900,0.243460,0.238690,0.242550,1171188888,1754798399999,282549814.141290,479409,550241645,132773981.225620,0
1754798400000,0.242560,0.243450,0.231280,0.232350,1820217349,1754812799999,430692917.062150,552539,817543797,193451899.144530,0
1754812800000,0.232340,0.234450,0.229370,0.230920,1565955417,1754827199999,363463953.261490,448209,747266020,173510578.296960,0
1754827200000,0.230930,0.234790,0.229460,0.232520,1265406661,1754841599999,293964317.612760,423970,625694695,145406520.054850,0
1754841600000,0.232520,0.235470,0.232020,0.234880,632620225,1754855999999,148053372.465400,244542,337647318,79035402.329400,0
1754856000000,0.234890,0.235070,0.231000,0.233770,751851373,1754870399999,175271022.794650,268645,364886401,85062179.505210,0
