open_time,open,high,low,close,volume,close_time,quote_volume,count,taker_buy_volume,taker_buy_quote_volume,ignore
1754179200000,0.190940,0.196380,0.188510,0.195690,1541892210,1754193599999,297874135.095190,481609,772902473,149347583.367650,0
1754193600000,0.195690,0.196840,0.194870,0.196190,550122439,1754207999999,107680774.035440,181013,264731338,51835863.982620,0
1754208000000,0.196200,0.199440,0.195460,0.197690,832906095,1754222399999,164445087.865770,235198,463469607,91527281.781260,0
1754222400000,0.197700,0.199220,0.196670,0.198840,891138188,1754236799999,176563714.440090,277568,430235943,85259415.561980,0
1754236800000,0.198850,0.200220,0.197750,0.198840,727961913,1754251199999,144917319.096800,220522,378262324,75310496.728620,0
1754251200000,0.198840,0.200400,0.197840,0.198660,504502734,1754265599999,100317903.751540,203871,250068749,49726638.798000,0
