open_time,open,high,low,close,volume,close_time,quote_volume,count,taker_buy_volume,taker_buy_quote_volume,ignore
1754524800000,0.205180,0.206520,0.203230,0.203840,697999183,1754539199999,142809463.429720,201688,332443518,68031774.862550,0
1754539200000,0.203830,0.206550,0.203740,0.205680,483664469,1754553599999,99326732.899250,179022,235219699,48306542.113150,0
1754553600000,0.205680,0.214800,0.205180,0.214120,1693715088,1754567999999,357065661.437650,428537,917860789,193435172.406800,0
1754568000000,0.214110,0.215990,0.212260,0.214260,1453325303,1754582399999,310657569.187510,337339,712535447,152342626.206350,0
1754582400000,0.214250,0.218270,0.210050,0.217140,1393074379,1754596799999,297668919.192770,410777,642477815,137339707.843000,0
1754596800000,0.217150,0.222940,0.216220,0.222160,1263183540,1754611199999,277672408.910170,407427,650672025,143036864.326230,0
