open_time,open,high,low,close,volume,close_time,quote_volume,count,taker_buy_volume,taker_buy_quote_volume,ignore
1754092800000,0.200850,0.202890,0.200060,0.202210,684754095,1754107199999,138127970.058620,273013,343379084,69269492.014570,0
1754107200000,0.202200,0.203400,0.194370,0.200080,1477042875,1754121599999,292832669.303220,496158,710050784,140818351.764010,0
1754121600000,0.200090,0.200960,0.197110,0.199620,963469723,1754135999999,191808540.373860,396115,478525611,95268815.330350,0
1754136000000,0.199630,0.200000,0.193510,0.194460,1470285412,1754150399999,289367470.934590,549715,699379144,137662944.453250,0
1754150400000,0.194470,0.197270,0.189500,0.192320,2404962797,1754164799999,464614116.128330,789705,1115600290,215638155.541210,0
1754164800000,0.192320,0.194670,0.189320,0.190930,1331115782,1754179199999,255873017.542560,463974,649297693,124773231.282030,0
