open_time,open,high,low,close,volume,close_time,quote_volume,count,taker_buy_volume,taker_buy_quote_volume,ignore
1754697600000,0.0118189,0.0126489,0.0116303,0.0123993,87217058702,1754783999999,1069566644.9002119,2735397,43371859166,531672464.5886346,0
