open_time,open,high,low,close,volume,close_time,quote_volume,count,taker_buy_volume,taker_buy_quote_volume,ignore
1754870400000,0.0120678,0.0124283,0.0111229,0.0112214,87469902710,1754956799999,1029878075.4902888,3269207,41053904292,483515571.7160894,0
