open_time,open,high,low,close,volume,close_time,quote_volume,count,taker_buy_volume,taker_buy_quote_volume,ignore
1754611200000,0.0111122,0.0120180,0.0109100,0.0118189,96714178724,1754697599999,1098639034.6826582,3033503,47012243088,534140342.4160163,0
