open_time,open,high,low,close,volume,close_time,quote_volume,count,taker_buy_volume,taker_buy_quote_volume,ignore
1754438400000,0.0101939,0.0106039,0.0099551,0.0105522,55507981519,1754524799999,571919035.9200791,1779240,27670551852,285178598.1216033,0
