open_time,open,high,low,close,volume,close_time,quote_volume,count,taker_buy_volume,taker_buy_quote_volume,ignore
1755129600000,0.0122555,0.0126983,0.0108060,0.0110419,132634938051,1755215999999,1543145339.6956716,3653614,62641865095,729653193.2712492,0
