open_time,open,high,low,close,volume,close_time,quote_volume,count,taker_buy_volume,taker_buy_quote_volume,ignore
1754524800000,0.0105521,0.0111364,0.0104620,0.0111122,71618624105,1754611199999,771385809.7008156,1969152,35367041118,381186737.5782049,0
