open_time,open,high,low,close,volume,close_time,quote_volume,count,taker_buy_volume,taker_buy_quote_volume,ignore
1754179200000,0.0101265,0.0105500,0.0099903,0.0104508,44909456488,1754265599999,466456898.2827220,1211837,22350685991,232146577.4804473,0
