open_time,open,high,low,close,volume,close_time,quote_volume,count,taker_buy_volume,taker_buy_quote_volume,ignore
1754265600000,0.0104508,0.0108161,0.0103342,0.0107482,67956854394,1754351999999,718438335.4106900,1735307,33618577277,355530086.5569457,0
