open_time,open,high,low,close,volume,close_time,quote_volume,count,taker_buy_volume,taker_buy_quote_volume,ignore
1755216000000,0.0110419,0.0112725,0.0105139,0.0108007,80028152368,1755302399999,873974317.9349520,2451864,38861039885,424661502.5525651,0
