open_time,open,high,low,close,volume,close_time,quote_volume,count,taker_buy_volume,taker_buy_quote_volume,ignore
1755302400000,0.0108006,0.0111080,0.0107772,0.0110811,41840696359,1755388799999,457155921.3414089,1408324,20827817772,227571014.6340603,0
