open_time,open,high,low,close,volume,close_time,quote_volume,count,taker_buy_volume,taker_buy_quote_volume,ignore
1754006400000,0.0107717,0.0108215,0.0100381,0.0103810,117784793038,1754092799999,1239520998.7021447,3612183,57645400784,606951709.8845429,0
