open_time,open,high,low,close,volume,close_time,quote_volume,count,taker_buy_volume,taker_buy_quote_volume,ignore
1754352000000,0.0107482,0.0107902,0.0099711,0.0101938,77127083069,1754438399999,798391002.3698520,2255522,36334482364,376210503.5281651,0
