open_time,open,high,low,close,volume,close_time,quote_volume,count,taker_buy_volume,taker_buy_quote_volume,ignore
1754956800000,0.0112215,0.0123580,0.0110646,0.0121396,93110023347,1755043199999,1087207390.7909298,2928597,46650354083,544482062.2104664,0
