open_time,open,high,low,close,volume,close_time,quote_volume,count,taker_buy_volume,taker_buy_quote_volume,ignore
1754092800000,2.9602,2.9850,2.9468,2.9824,73783165.8,1754107199999,219007621.13993,319198,34110444.4,101244027.63058,0
1754107200000,2.9824,3.0199,2.9441,2.9912,118023058.7,1754121599999,352044451.44520,470719,60978081.9,181873929.41439,0
1754121600000,2.9912,3.0008,2.9286,2.9394,106035221.7,1754135999999,313690449.91947,427697,52994690.9,156748421.24658,0
1754136000000,2.9395,2.9458,2.8208,2.8289,199453436.0,1754150399999,576121192.13441,673780,86622012.2,250493138.84776,0
1754150400000,2.8290,2.8644,2.7407,2.7784,331108492.4,1754164799999,927388955.90015,1031117,156023086.7,437233828.16197,0
1754164800000,2.7785,2.8163,2.7381,2.7684,153825008.8,1754179199999,427986622.13299,631174,74852965.3,208245909.97269,0
