open_time,open,high,low,close,volume,close_time,quote_volume,count,taker_buy_volume,taker_buy_quote_volume,ignore
1754352000000,3.0700,3.1059,3.0333,3.0373,118711545.5,1754366399999,363596762.09135,406753,58120018.8,178054788.86076,0
1754366400000,3.0373,3.0537,2.9947,3.0031,125481932.9,1754380799999,379629230.89135,399132,57077015.6,172720550.98257,0
1754380800000,3.0030,3.0793,2.9977,3.0618,124295950.4,1754395199999,378761640.62164,401253,61402940.7,187074011.53207,0
1754395200000,3.0618,3.0643,2.9555,2.9702,239654579.3,1754409599999,719033816.55984,813466,114766998.3,344335267.78961,0
1754409600000,2.9702,2.9911,2.9438,2.9457,112744271.3,1754423999999,335050043.14196,497888,54686104.6,162571280.37277,0
1754424000000,2.9457,2.9743,2.9148,2.9607,94293391.0,1754438399999,278014529.21932,417769,44214586.1,130380435.05467,0
