open_time,open,high,low,close,volume,close_time,quote_volume,count,taker_buy_volume,taker_buy_quote_volume,ignore
1754006400000,3.0204,3.0237,2.9279,2.9965,340239619.6,1754020799999,1015056513.70748,996641,159355431.6,475491222.48881,0
1754020800000,2.9966,2.9966,2.9336,2.9541,144882372.9,1754035199999,429321639.24224,592204,69513322.3,206012437.91628,0
1754035200000,2.9541,2.9705,2.8910,2.9689,187026048.3,1754049599999,547599230.12368,674639,91920296.6,269202998.87315,0
1754049600000,2.9689,3.0576,2.9290,3.0423,312030225.1,1754063999999,935675243.80631,1030365,153313222.6,459653978.77529,0
1754064000000,3.0423,3.0517,2.9735,3.0134,187445227.2,1754078399999,564364908.51207,807125,92920668.4,279761841.13494,0
1754078400000,3.0133,3.0287,2.8930,2.9602,231334988.9,1754092799999,683976034.09438,949698,114292446.5,337909597.02625,0
