open_time,open,high,low,close,volume,close_time,quote_volume,count,taker_buy_volume,taker_buy_quote_volume,ignore
1754611200000,3.3181,3.3750,3.2696,3.3750,356139856.9,1754625599999,1181756533.86002,1235595,177128312.4,587885542.91746,0
1754625600000,3.3750,3.3813,3.3048,3.3546,187864678.1,1754639999999,627436982.68770,600377,91472676.5,305522907.00952,0
1754640000000,3.3545,3.3598,3.3014,3.3353,124501325.5,1754654399999,414346281.43642,443226,61842284.5,205797336.66706,0
1754654400000,3.3352,3.3720,3.2050,3.2206,349634570.1,1754668799999,1149495277.39563,1006474,164129269.8,539844247.13990,0
1754668800000,3.2205,3.3382,3.2191,3.3373,191664481.6,1754683199999,626769615.95219,630400,101154485.7,330671046.56304,0
1754683200000,3.3373,3.3375,3.2778,3.2848,92253161.5,1754697599999,304454751.15900,383857,43390084.5,143235290.54539,0
