open_time,open,high,low,close,volume,close_time,quote_volume,count,taker_buy_volume,taker_buy_quote_volume,ignore
1754524800000,2.9896,3.0100,2.9661,2.9669,67717526.7,1754539199999,202177260.24317,259621,33145351.4,98983815.37087,0
1754539200000,2.9669,3.0132,2.9630,2.9990,64246185.3,1754553599999,192268580.90106,309708,31617061.4,94604036.08918,0
1754553600000,2.9989,3.0874,2.9870,3.0780,152517505.1,1754567999999,464634185.46787,489984,77346493.0,235569029.01008,0
1754568000000,3.0780,3.0846,3.0397,3.0610,128209559.3,1754582399999,392739410.50499,414961,65520666.0,200683817.66502,0
1754582400000,3.0610,3.1008,3.0076,3.1001,110042602.2,1754596799999,335567237.03932,432728,54423591.3,165997745.70785,0
1754596800000,3.1002,3.3332,3.0990,3.3181,488119352.8,1754611199999,1582328667.92826,1581889,249532010.3,809093313.37293,0
