open_time,open,high,low,close,volume,close_time,quote_volume,count,taker_buy_volume,taker_buy_quote_volume,ignore
1754179200000,2.7684,2.8397,2.7266,2.8341,180016638.2,1754193599999,501877977.14613,685191,90564346.6,252587578.45349,0
1754193600000,2.8341,2.8680,2.8127,2.8635,84706901.5,1754207999999,240526269.36705,307223,43219533.0,122722044.22719,0
1754208000000,2.8635,2.8922,2.8474,2.8678,105189363.4,1754222399999,301751862.55584,359171,50868115.8,145942763.07778,0
1754222400000,2.8678,2.9019,2.8573,2.8937,111868691.2,1754236799999,321986883.14410,414020,56000162.9,161227669.70633,0
1754236800000,2.8937,2.9284,2.8838,2.9146,100193886.9,1754251199999,291390206.48099,409482,50956812.6,148207864.72450,0
1754251200000,2.9146,2.9607,2.9000,2.9463,100780606.3,1754265599999,295464899.78153,382767,51696117.8,151610727.43666,0
