open_time,open,high,low,close,volume,close_time,quote_volume,count,taker_buy_volume,taker_buy_quote_volume,ignore
1754352000000,0.9990000,1.0006000,0.9228000,0.9451000,138847185,1754438399999,132498811.1368000,612704,69079823,65915333.6761000,0
