open_time,open,high,low,close,volume,close_time,quote_volume,count,taker_buy_volume,taker_buy_quote_volume,ignore
1755129600000,1.1195000,1.1366000,0.9791000,0.9977000,279017609,1755215999999,293758104.3103000,1020072,127642306,134310411.8142000,0
