open_time,open,high,low,close,volume,close_time,quote_volume,count,taker_buy_volume,taker_buy_quote_volume,ignore
1754438400000,0.9451000,0.9714000,0.9189000,0.9658000,118341135,1754524799999,111765545.9657000,498588,59216102,55947278.7065000,0
