open_time,open,high,low,close,volume,close_time,quote_volume,count,taker_buy_volume,taker_buy_quote_volume,ignore
1754611200000,1.0245000,1.0447000,0.9988000,1.0342000,138569908,1754697599999,141647042.9426000,547031,66123847,67612200.3544000,0
