open_time,open,high,low,close,volume,close_time,quote_volume,count,taker_buy_volume,taker_buy_quote_volume,ignore
1754956800000,0.9887000,1.0779000,0.9648000,1.0591000,162141631,1755043199999,164966282.5351000,634432,79544586,80914069.5246000,0
