open_time,open,high,low,close,volume,close_time,quote_volume,count,taker_buy_volume,taker_buy_quote_volume,ignore
1690156800000,2.6478000,2.6557000,1.9942000,2.1592000,188344350,1690243199999,421280570.7515000,1688581,94431306,211594565.2584000,0
1690243200000,2.1589000,2.4586000,1.8290000,2.2560000,463645819,1690329599999,1011610819.3667000,3669781,237186876,517832375.6790000,0
1690329600000,2.2559000,2.5569000,2.1400000,2.2501000,376762985,1690415999999,885912265.1721000,3329314,190191930,447633952.6442000,0
1690416000000,2.2501000,2.3183000,2.0639000,2.0948000,138746942,1690502399999,304081248.0554000,1368235,67273436,147527638.2586000,0
1690502400000,2.0947000,2.2387000,2.0350000,2.2158000,126457553,1690588799999,272936741.2473000,1190334,63604792,137299473.5823000,0
1690588800000,2.2157000,2.3777000,2.1707000,2.3451000,147031419,1690675199999,337502754.7092000,1286824,74494833,171071458.2525000,0
1690675200000,2.3451000,2.4948000,2.2210000,2.2873000,155824318,1690761599999,367943425.5590000,1388550,78510278,185468594.1090000,0
1690761600000,2.2873000,2.3746000,2.2346000,2.3152000,101226156,1690847999999,233413735.8893000,1068577,50677378,116922438.1334000,0
