open_time,open,high,low,close,volume,close_time,quote_volume,count,taker_buy_volume,taker_buy_quote_volume,ignore
1754179200000,0.9351000,0.9814000,0.9250000,0.9735000,76224520,1754265599999,73263873.2241000,354358,38376764,36879355.9768000,0
