open_time,open,high,low,close,volume,close_time,quote_volume,count,taker_buy_volume,taker_buy_quote_volume,ignore
1754092800000,0.9637000,0.9774000,0.9094000,0.9350000,115969813,1754179199999,109467596.4377000,573176,55831787,52727973.5872000,0
