open_time,open,high,low,close,volume,close_time,quote_volume,count,taker_buy_volume,taker_buy_quote_volume,ignore
1755216000000,0.9978000,1.0218000,0.9528000,0.9864000,155903164,1755302399999,154273040.1912000,656323,73489974,72731467.4093000,0
