open_time,open,high,low,close,volume,close_time,quote_volume,count,taker_buy_volume,taker_buy_quote_volume,ignore
1754784000000,1.0774000,1.1059000,1.0281000,1.0808000,145753760,1754870399999,155575357.0081000,611044,68436631,73079929.7165000,0
