open_time,open,high,low,close,volume,close_time,quote_volume,count,taker_buy_volume,taker_buy_quote_volume,ignore
1754265600000,0.9735000,1.0148000,0.9722000,0.9990000,118571398,1754351999999,117461310.1209000,472931,59303055,58791368.5837000,0
