open_time,open,high,low,close,volume,close_time,quote_volume,count,taker_buy_volume,taker_buy_quote_volume,ignore
1755302400000,0.9863000,1.0083000,0.9713000,1.0032000,96890916,1755388799999,95805888.1697000,391207,46732521,46223870.6984000,0
