open_time,open,high,low,close,volume,close_time,quote_volume,count,taker_buy_volume,taker_buy_quote_volume,ignore
1754697600000,1.0343000,1.0997000,1.0310000,1.0773000,128512872,1754783999999,137611650.7952000,581989,63844762,68356990.2140000,0
