open_time,open,high,low,close,volume,close_time,quote_volume,count,taker_buy_volume,taker_buy_quote_volume,ignore
1754870400000,1.0809000,1.1099000,0.9780000,0.9888000,173473996,1754956799999,181294074.7098000,713451,78622723,82278853.8126000,0
