open_time,open,high,low,close,volume,close_time,quote_volume,count,taker_buy_volume,taker_buy_quote_volume,ignore
1754611200000,1.0245000,1.0332000,1.0098000,1.0216000,29948704,1754625599999,30569700.7707000,136252,14403625,14704442.3375000,0
1754625600000,1.0216000,1.0285000,1.0071000,1.0257000,17963403,1754639999999,18274816.2389000,68199,8714216,8868796.5134000,0
1754640000000,1.0257000,1.0318000,1.0130000,1.0235000,18355685,1754654399999,18732284.2505000,65143,8840006,9022096.6544000,0
1754654400000,1.0235000,1.0419000,0.9988000,1.0082000,36583481,1754668799999,37227591.2301000,126453,16600303,16896527.1771000,0
1754668800000,1.0082000,1.0447000,1.0055000,1.0403000,25306944,1754683199999,26050037.7225000,99979,12501267,12869370.9446000,0
1754683200000,1.0402000,1.0424000,1.0313000,1.0342000,10411691,1754697599999,10792612.7299000,51005,5064430,5250966.7274000,0
