open_time,open,high,low,close,volume,close_time,quote_volume,count,taker_buy_volume,taker_buy_quote_volume,ignore
1754784000000,1.0774000,1.0991000,1.0719000,1.0962000,23950779,1754798399999,26033956.6644000,119810,11498317,12501835.1435000,0
1754798400000,1.0962000,1.1059000,1.0384000,1.0433000,33762032,1754812799999,36099615.4439000,125819,14318292,15330810.7438000,0
1754812800000,1.0433000,1.0590000,1.0281000,1.0449000,27052698,1754827199999,28267184.7771000,106147,13367182,13976052.5480000,0
1754827200000,1.0449000,1.0733000,1.0363000,1.0673000,23294171,1754841599999,24604597.4787000,92560,11311708,11955002.1467000,0
1754841600000,1.0672000,1.0885000,1.0649000,1.0846000,18417972,1754855999999,19842843.4176000,83275,9421703,10153299.2637000,0
1754856000000,1.0847000,1.0881000,1.0615000,1.0808000,19276108,1754870399999,20727159.2264000,83433,8519429,9162929.8708000,0
