open_time,open,high,low,close,volume,close_time,quote_volume,count,taker_buy_volume,taker_buy_quote_volume,ignore
1755129600000,1.1195000,1.1366000,1.1053000,1.1296000,29448110,1755143999999,33098639.0344000,130159,13838374,15556997.1272000,0
1755144000000,1.1295000,1.1361000,1.1033000,1.1123000,35240381,1755158399999,39344967.9584000,141046,16332988,18234472.9781000,0
1755158400000,1.1124000,1.1127000,1.0748000,1.0798000,43222191,1755172799999,47206850.6547000,162709,17984102,19641860.0911000,0
1755172800000,1.0797000,1.0879000,0.9910000,1.0199000,106687017,1755187199999,109559132.3261000,324716,49588896,50917199.9484000,0
1755187200000,1.0198000,1.0199000,0.9906000,1.0042000,38280783,1755201599999,38517739.4180000,148690,17778590,17884691.0124000,0
1755201600000,1.0041000,1.0081000,0.9791000,0.9977000,26139127,1755215999999,26030774.9187000,112752,12119356,12075190.6570000,0
