open_time,open,high,low,close,volume,close_time,quote_volume,count,taker_buy_volume,taker_buy_quote_volume,ignore
1755216000000,0.9978000,1.0188000,0.9943000,1.0108000,16110436,1755230399999,16226555.5312000,90232,8041430,8099145.7801000,0
1755230400000,1.0108000,1.0218000,1.0011000,1.0150000,19671864,1755244799999,19914932.9619000,87039,9222553,9338813.9284000,0
1755244800000,1.0149000,1.0206000,0.9968000,1.0006000,17926244,1755259199999,18068799.3272000,76509,7984585,8051269.3381000,0
1755259200000,1.0006000,1.0155000,0.9528000,0.9617000,59213438,1755273599999,58349515.4925000,212220,26309345,25952670.9105000,0
1755273600000,0.9616000,0.9774000,0.9530000,0.9641000,26472681,1755287999999,25563278.7147000,110061,13422101,12964398.4914000,0
1755288000000,0.9641000,0.9986000,0.9609000,0.9864000,16508501,1755302399999,16149958.1637000,80262,8509960,8325168.9608000,0
