open_time,open,high,low,close,volume,close_time,quote_volume,count,taker_buy_volume,taker_buy_quote_volume,ignore
1754697600000,1.0343000,1.0429000,1.0312000,1.0329000,13009449,1754711999999,13491331.3720000,63161,6382951,6620435.8459000,0
1754712000000,1.0329000,1.0881000,1.0310000,1.0716000,36241245,1754726399999,38522015.0487000,155661,17878105,18982426.7558000,0
1754726400000,1.0714000,1.0849000,1.0651000,1.0771000,21597854,1754740799999,23251163.2214000,92202,11672756,12566122.4875000,0
1754740800000,1.0771000,1.0980000,1.0650000,1.0712000,25300254,1754755199999,27286872.8272000,108895,11796176,12728106.1876000,0
1754755200000,1.0711000,1.0883000,1.0666000,1.0841000,13139738,1754769599999,14154364.3250000,78704,6961780,7500578.1626000,0
1754769600000,1.0841000,1.0997000,1.0761000,1.0773000,19224332,1754783999999,20905904.0009000,83366,9152994,9959320.7746000,0
