open_time,open,high,low,close,volume,close_time,quote_volume,count,taker_buy_volume,taker_buy_quote_volume,ignore
1754956800000,0.9887000,1.0074000,0.9865000,0.9927000,16314289,1754971199999,16256877.8486000,73336,8525168,8497867.1794000,0
1754971200000,0.9927000,0.9966000,0.9734000,0.9952000,22450675,1754985599999,22163757.7820000,76200,10732434,10599160.1208000,0
1754985600000,0.9952000,0.9954000,0.9648000,0.9781000,20579250,1754999999999,20149573.8291000,86166,9421170,9231019.2162000,0
1755000000000,0.9780000,1.0389000,0.9723000,1.0381000,48765703,1755014399999,49227776.0974000,169507,25446578,25687405.9996000,0
1755014400000,1.0381000,1.0657000,1.0306000,1.0625000,31300243,1755028799999,32912073.1908000,127261,14834441,15601753.6270000,0
1755028800000,1.0625000,1.0779000,1.0566000,1.0591000,22731471,1755043199999,24256223.7872000,101962,10584795,11296863.3816000,0
