open_time,open,high,low,close,volume,close_time,quote_volume,count,taker_buy_volume,taker_buy_quote_volume,ignore
1754438400000,0.9451000,0.9483000,0.9261000,0.9299000,14731102,1754452799999,13778960.0053000,90990,7180071,6719324.9367000,0
1754452800000,0.9299000,0.9501000,0.9189000,0.9484000,21805962,1754467199999,20415214.1017000,100471,10219009,9573314.1068000,0
1754467200000,0.9484000,0.9498000,0.9336000,0.9360000,15899422,1754481599999,14947539.7689000,68751,7735364,7271865.6773000,0
1754481600000,0.9360000,0.9620000,0.9261000,0.9592000,33836969,1754495999999,31831703.4962000,119325,17818667,16762299.7518000,0
1754496000000,0.9592000,0.9714000,0.9463000,0.9623000,20891220,1754510399999,20028899.9159000,75190,10520323,10089364.9401000,0
1754510400000,0.9623000,0.9705000,0.9556000,0.9658000,11176460,1754524799999,10763228.6777000,43861,5742668,5531109.2938000,0
