open_time,open,high,low,close,volume,close_time,quote_volume,count,taker_buy_volume,taker_buy_quote_volume,ignore
1755302400000,0.9863000,0.9994000,0.9849000,0.9883000,11335674,1755316799999,11243339.2404000,56886,5111170,5070459.2934000,0
1755316800000,0.9883000,0.9926000,0.9809000,0.9881000,16630105,1755331199999,16414709.2752000,61907,8055362,7953612.0284000,0
1755331200000,0.9881000,0.9916000,0.9744000,0.9752000,18409797,1755345599999,18084852.5752000,76646,8417244,8271288.6919000,0
1755345600000,0.9752000,0.9952000,0.9713000,0.9903000,15337276,1755359999999,15079568.0224000,69190,7778531,7650188.0187000,0
1755360000000,0.9902000,0.9989000,0.9855000,0.9935000,25405971,1755374399999,25202697.2999000,75235,12345200,12248342.8499000,0
1755374400000,0.9936000,1.0083000,0.9928000,1.0032000,9772093,1755388799999,9780721.7566000,51343,5025014,5029979.8161000,0
