open_time,open,high,low,close,volume,close_time,quote_volume,count,taker_buy_volume,taker_buy_quote_volume,ignore
1755043200000,1.0592000,1.0742000,1.0416000,1.0688000,23020929,1755057599999,24346972.6774000,116478,11203028,11862676.1644000,0
1755057600000,1.0689000,1.0789000,1.0511000,1.0784000,27507115,1755071999999,29353220.5613000,110973,13721771,14649905.0003000,0
1755072000000,1.0783000,1.0995000,1.0757000,1.0911000,29482663,1755086399999,32123346.4288000,119645,15801523,17215405.6762000,0
1755086400000,1.0911000,1.1037000,1.0686000,1.0829000,47271349,1755100799999,51339231.5893000,190208,22955138,24947427.6487000,0
1755100800000,1.0830000,1.1232000,1.0801000,1.1042000,40378056,1755115199999,44429224.3518000,156149,21418415,23569034.5598000,0
1755115200000,1.1041000,1.1408000,1.0939000,1.1197000,30415899,1755129599999,34020851.9661000,130443,14831265,16596591.8692000,0
