open_time,open,high,low,close,volume,close_time,quote_volume,count,taker_buy_volume,taker_buy_quote_volume,ignore
1754092800000,0.9637000,0.9732000,0.9608000,0.9725000,10470731,1754107199999,10138426.7416000,68810,5322540,5154987.4879000,0
1754107200000,0.9725000,0.9774000,0.9416000,0.9676000,17229863,1754121599999,16542201.3234000,86498,8614173,8271867.4942000,0
1754121600000,0.9677000,0.9709000,0.9438000,0.9541000,16304128,1754135999999,15590851.1546000,88347,7782115,7441669.4949000,0
1754136000000,0.9541000,0.9607000,0.9308000,0.9352000,20472142,1754150399999,19362511.2910000,109100,9597441,9078337.5549000,0
1754150400000,0.9353000,0.9463000,0.9094000,0.9252000,35951591,1754164799999,33346904.1578000,142416,16904167,15686773.7395000,0
1754164800000,0.9253000,0.9413000,0.9247000,0.9350000,15541358,1754179199999,14486701.7693000,78005,7611351,7094337.8158000,0
