open_time,open,high,low,close,volume,close_time,quote_volume,count,taker_buy_volume,taker_buy_quote_volume,ignore
1754006400000,1.0042000,1.0065000,0.9671000,0.9960000,47168759,1754020799999,46788790.7569000,196393,21090470,20932674.4883000,0
1754020800000,0.9960000,0.9963000,0.9689000,0.9796000,24099233,1754035199999,23685182.9696000,117059,11467408,11273759.4926000,0
1754035200000,0.9795000,0.9795000,0.9512000,0.9761000,34951723,1754049599999,33776261.4396000,146954,17033874,16469111.7410000,0
1754049600000,0.9760000,0.9925000,0.9518000,0.9870000,44281722,1754063999999,43321329.3125000,185550,22589521,22114409.6493000,0
1754064000000,0.9868000,0.9978000,0.9585000,0.9847000,37012385,1754078399999,36116758.2812000,163649,18524829,18090106.1872000,0
1754078400000,0.9846000,0.9893000,0.9300000,0.9637000,43503700,1754092799999,41886751.9787000,189386,22105182,21310327.3765000,0
