open_time,open,high,low,close,volume,close_time,quote_volume,count,taker_buy_volume,taker_buy_quote_volume,ignore
1754352000000,0.9990000,1.0006000,0.9682000,0.9703000,15788224,1754366399999,15541552.9416000,70389,7283430,7171311.7667000,0
1754366400000,0.9703000,0.9744000,0.9422000,0.9439000,22732778,1754380799999,21806274.6944000,97637,10818825,10384616.8924000,0
1754380800000,0.9438000,0.9763000,0.9391000,0.9738000,27269344,1754395199999,26156099.5766000,102014,14499415,13905328.6717000,0
1754395200000,0.9738000,0.9752000,0.9313000,0.9369000,41535655,1754409599999,39442112.3603000,161620,20060943,19055425.7389000,0
1754409600000,0.9368000,0.9460000,0.9305000,0.9341000,17681810,1754423999999,16611425.3307000,97629,9329814,8767054.6870000,0
1754424000000,0.9342000,0.9454000,0.9228000,0.9451000,13839374,1754438399999,12941346.2332000,83415,7087396,6631595.9194000,0
