open_time,open,high,low,close,volume,close_time,quote_volume,count,taker_buy_volume,taker_buy_quote_volume,ignore
1754179200000,0.9351000,0.9627000,0.9250000,0.9578000,20017878,1754193599999,18928049.2315000,90555,10783026,10199132.6604000,0
1754193600000,0.9579000,0.9653000,0.9550000,0.9642000,11448434,1754207999999,10989870.1525000,47508,5769756,5539643.0294000,0
1754208000000,0.9642000,0.9726000,0.9593000,0.9635000,11653679,1754222399999,11251042.9920000,52554,5664133,5469907.5141000,0
1754222400000,0.9636000,0.9723000,0.9587000,0.9691000,13404142,1754236799999,12934813.9738000,62866,6465861,6240969.5265000,0
1754236800000,0.9690000,0.9783000,0.9653000,0.9713000,10288074,1754251199999,9990046.5553000,51915,5162640,5013947.9119000,0
1754251200000,0.9714000,0.9814000,0.9684000,0.9735000,9412313,1754265599999,9170050.3190000,48960,4531348,4415755.3345000,0
