open_time,open,high,low,close,volume,close_time,quote_volume,count,taker_buy_volume,taker_buy_quote_volume,ignore
1754524800000,0.9658000,0.9743000,0.9572000,0.9583000,16330115,1754539199999,15738540.5899000,62459,7412551,7145446.9762000,0
1754539200000,0.9582000,0.9754000,0.9569000,0.9726000,15664220,1754553599999,15139463.6721000,64989,8067103,7797310.9823000,0
1754553600000,0.9727000,1.0090000,0.9647000,1.0068000,28406287,1754567999999,28079278.8785000,96166,15860385,15672071.6214000,0
1754568000000,1.0068000,1.0166000,0.9931000,1.0048000,26589748,1754582399999,26705359.2747000,97311,13232927,13298989.1112000,0
1754582400000,1.0047000,1.0088000,0.9822000,1.0074000,30367563,1754596799999,30230979.4959000,106044,13575448,13520486.1028000,0
1754596800000,1.0073000,1.0259000,1.0043000,1.0244000,23969492,1754611199999,24335595.2964000,86842,11101458,11266584.7156000,0
