open_time,open,high,low,close,volume,close_time,quote_volume,count,taker_buy_volume,taker_buy_quote_volume,ignore
1754870400000,1.0809000,1.1099000,1.0686000,1.0969000,24742890,1754884799999,27025395.9050000,119175,12153324,13279137.8424000,0
1754884800000,1.0970000,1.1075000,1.0653000,1.0675000,20049983,1754899199999,21811699.0531000,83334,9106231,9914633.5214000,0
1754899200000,1.0674000,1.0823000,1.0243000,1.0297000,36704691,1754913599999,38730314.5012000,129890,16117021,17020618.0485000,0
1754913600000,1.0297000,1.0418000,1.0132000,1.0371000,40703571,1754927999999,41827942.2894000,163842,18601033,19121025.0971000,0
1754928000000,1.0372000,1.0539000,1.0083000,1.0167000,25797779,1754942399999,26530638.5774000,113729,11732193,12075196.5845000,0
1754942400000,1.0166000,1.0171000,0.9780000,0.9888000,25475082,1754956799999,25368084.3837000,103481,10912921,10868242.7187000,0
