open_time,open,high,low,close,volume,close_time,quote_volume,count,taker_buy_volume,taker_buy_quote_volume,ignore
1754265600000,0.9735000,0.9958000,0.9722000,0.9849000,17575060,1754279999999,17343588.0232000,74723,8610983,8495879.8226000,0
1754280000000,0.9849000,0.9917000,0.9771000,0.9847000,12212478,1754294399999,12011480.9594000,53621,5621841,5530843.9526000,0
1754294400000,0.9848000,0.9887000,0.9742000,0.9772000,12010374,1754308799999,11789132.3030000,62432,5619210,5517295.3281000,0
1754308800000,0.9772000,1.0056000,0.9757000,0.9936000,27772429,1754323199999,27521328.5275000,104932,13909184,13790249.7300000,0
1754323200000,0.9935000,1.0148000,0.9752000,0.9791000,34374427,1754337599999,34239899.5673000,105849,17576156,17529669.8500000,0
1754337600000,0.9791000,1.0041000,0.9786000,0.9990000,14626630,1754351999999,14555880.7405000,71374,7965681,7927429.9004000,0
