open_time,open,high,low,close,volume,close_time,quote_volume,count,taker_buy_volume,taker_buy_quote_volume,ignore
1754092800000,3486.41,3531.27,3476.57,3527.15,577008.703,1754107199999,2022906559.77799,736108,289797.179,1015926336.36636,0
1754107200000,3527.15,3536.48,3453.14,3517.68,874769.256,1754121599999,3057163754.21021,1019738,427932.118,1495640252.77941,0
1754121600000,3517.67,3523.00,3472.01,3506.93,669038.801,1754135999999,2339588482.09541,871525,325332.958,1137858411.86101,0
1754136000000,3506.93,3516.48,3449.42,3457.50,818419.056,1754150399999,2851641156.47970,1050192,387621.561,1350844454.20716,0
1754150400000,3457.50,3479.60,3371.13,3381.35,1684732.822,1754164799999,5760084731.11829,1850958,789093.616,2698521238.31016,0
1754164800000,3381.34,3442.49,3366.50,3392.42,800097.852,1754179199999,2723255172.04473,1061715,400582.496,1363772555.63486,0
