open_time,open,high,low,close,volume,close_time,quote_volume,count,taker_buy_volume,taker_buy_quote_volume,ignore
1754006400000,3696.57,3722.90,3613.67,3703.49,1649037.303,1754020799999,6065253167.41496,1781763,802598.820,2953617419.19094,0
1754020800000,3703.49,3703.49,3622.22,3648.67,1060678.646,1754035199999,3884186040.79698,1214668,501915.196,1837753299.64375,0
1754035200000,3648.66,3648.66,3583.44,3641.04,1101742.019,1754049599999,3984946466.52973,1334907,532461.612,1926329462.43388,0
1754049600000,3641.04,3674.84,3562.05,3614.49,2072546.150,1754063999999,7509447633.12381,2344658,1021496.004,3702502769.30105,0
1754064000000,3614.50,3632.74,3514.00,3517.57,1728308.014,1754078399999,6162466999.99895,2159357,812568.507,2898362523.55790,0
1754078400000,3517.57,3551.89,3428.86,3486.42,1581260.135,1754092799999,5522014468.59958,1859124,721193.121,2519653443.02602,0
