open_time,open,high,low,close,volume,close_time,quote_volume,count,taker_buy_volume,taker_buy_quote_volume,ignore
1754179200000,3392.42,3450.84,3353.51,3441.97,833279.151,1754193599999,2839262368.03777,1047799,428533.213,1460715338.99511,0
1754193600000,3441.98,3458.67,3432.10,3454.23,380442.783,1754207999999,1310537825.25203,456045,195636.795,673958556.74374,0
1754208000000,3454.23,3514.00,3451.82,3483.40,693244.511,1754222399999,2413359466.53345,678789,377258.211,1313119144.73419,0
1754222400000,3483.41,3502.68,3452.79,3474.65,689136.360,1754236799999,2396109437.93683,814351,338873.851,1178349378.84059,0
1754236800000,3474.66,3513.64,3465.97,3495.32,425377.371,1754251199999,1484782266.37669,567238,216256.846,754954584.22119,0
1754251200000,3495.33,3520.97,3481.58,3495.00,406051.051,1754265599999,1420646832.85006,582668,198188.876,693539127.04020,0
