open_time,open,high,low,close,volume,close_time,quote_volume,count,taker_buy_volume,taker_buy_quote_volume,ignore
1754524800000,168.0400,175.4500,166.6100,175.2600,20589923.32,1754611199999,3515793903.367320,2535044,10265705.45,1753275206.305470,0
