open_time,open,high,low,close,volume,close_time,quote_volume,count,taker_buy_volume,taker_buy_quote_volume,ignore
1754870400000,182.5800,186.7600,173.3400,174.7500,28729395.19,1754956799999,5181405390.093960,3354652,13338407.78,2408079201.166000,0
