open_time,open,high,low,close,volume,close_time,quote_volume,count,taker_buy_volume,taker_buy_quote_volume,ignore
1754784000000,179.8600,186.1300,177.4200,182.5900,22851229.45,1754870399999,4154878278.834080,2750832,11097431.99,2018587753.616570,0
