open_time,open,high,low,close,volume,close_time,quote_volume,count,taker_buy_volume,taker_buy_quote_volume,ignore
1754006400000,172.1500,172.1900,159.0200,162.6100,34960240.73,1754092799999,5841891232.468410,4244334,16471448.98,2754110974.644600,0
