open_time,open,high,low,close,volume,close_time,quote_volume,count,taker_buy_volume,taker_buy_quote_volume,ignore
1754697600000,176.6900,183.4900,176.5300,179.8500,18788175.58,1754783999999,3392870941.103110,2200056,9105972.94,1644365840.373880,0
