open_time,open,high,low,close,volume,close_time,quote_volume,count,taker_buy_volume,taker_buy_quote_volume,ignore
1754956800000,174.7400,193.7900,173.4900,191.7600,31885550.21,1755043199999,5820125585.445750,3298903,16232240.87,2964460836.445660,0
