open_time,open,high,low,close,volume,close_time,quote_volume,count,taker_buy_volume,taker_buy_quote_volume,ignore
1754092800000,162.6100,165.1900,155.7200,158.4000,20285340.89,1754179199999,3265317440.807010,2503749,9636513.85,1552313744.642370,0
