open_time,open,high,low,close,volume,close_time,quote_volume,count,taker_buy_volume,taker_buy_quote_volume,ignore
1754352000000,169.4700,171.6600,161.1700,163.9900,22666447.82,1754438399999,3773355917.707120,2866636,10831526.93,1803669579.974750,0
