open_time,open,high,low,close,volume,close_time,quote_volume,count,taker_buy_volume,taker_buy_quote_volume,ignore
1754611200000,175.2700,179.6100,173.3600,176.7000,22243511.03,1754697599999,3920596336.619380,2718153,10678049.50,1882737061.563160,0
