open_time,open,high,low,close,volume,close_time,quote_volume,count,taker_buy_volume,taker_buy_quote_volume,ignore
1755216000000,192.4000,197.9800,183.2300,185.6200,33158668.97,1755302399999,6300760346.524440,3777898,16033478.46,3046567529.029580,0
