open_time,open,high,low,close,volume,close_time,quote_volume,count,taker_buy_volume,taker_buy_quote_volume,ignore
1754179200000,158.4000,163.0700,156.1700,161.8400,12791815.46,1754265599999,2057777405.212380,1691196,6191963.26,996256883.871090,0
