open_time,open,high,low,close,volume,close_time,quote_volume,count,taker_buy_volume,taker_buy_quote_volume,ignore
1755129600000,201.5700,210.1000,186.4700,192.3900,59620138.44,1755215999999,11842377160.115050,6712209,28594553.73,5684068257.347600,0
