open_time,open,high,low,close,volume,close_time,quote_volume,count,taker_buy_volume,taker_buy_quote_volume,ignore
1755043200000,0.235720,0.250560,0.231310,0.244780,11859929667,1755129599999,2874211423.240030,3387657,5807303982,1408117428.351770,0
