open_time,open,high,low,close,volume,close_time,quote_volume,count,taker_buy_volume,taker_buy_quote_volume,ignore
1754006400000,0.209670,0.212500,0.195110,0.200850,11938604743,1754092799999,2453445425.900480,3985572,5775721025,1187791842.050010,0
