open_time,open,high,low,close,volume,close_time,quote_volume,count,taker_buy_volume,taker_buy_quote_volume,ignore
1755129600000,0.244780,0.255780,0.217300,0.223680,14951015622,1755215999999,3510880360.976730,4312822,6986285855,1641822221.671220,0
