open_time,open,high,low,close,volume,close_time,quote_volume,count,taker_buy_volume,taker_buy_quote_volume,ignore
1754438400000,0.199710,0.207090,0.195510,0.205190,5406211272,1754524799999,1087778376.780990,1752613,2674535533,538205635.734710,0
