open_time,open,high,low,close,volume,close_time,quote_volume,count,taker_buy_volume,taker_buy_quote_volume,ignore
1754092800000,0.200850,0.203400,0.189320,0.190930,8331630684,1754179199999,1632623784.341180,2968680,3996232606,783430990.385420,0
