open_time,open,high,low,close,volume,close_time,quote_volume,count,taker_buy_volume,taker_buy_quote_volume,ignore
1755216000000,0.223690,0.233020,0.220040,0.228750,9976265832,1755302399999,2265985555.264090,3013749,4888012684,1110023894.697120,0
