open_time,open,high,low,close,volume,close_time,quote_volume,count,taker_buy_volume,taker_buy_quote_volume,ignore
1754611200000,0.222170,0.232450,0.219450,0.230320,8537041052,1754697599999,1913652040.302260,2759574,4207342674,943542937.461730,0
