open_time,open,high,low,close,volume,close_time,quote_volume,count,taker_buy_volume,taker_buy_quote_volume,ignore
1754179200000,0.190940,0.200400,0.188510,0.198660,5048523579,1754265599999,991798934.284830,1599781,2559670434,503007280.220130,0
