open_time,open,high,low,close,volume,close_time,quote_volume,count,taker_buy_volume,taker_buy_quote_volume,ignore
1754870400000,0.233780,0.241680,0.221110,0.221980,10238415854,1754956799999,2370698807.404630,3140260,4900687693,1135313429.646780,0
