open_time,open,high,low,close,volume,close_time,quote_volume,count,taker_buy_volume,taker_buy_quote_volume,ignore
1754784000000,0.239900,0.243460,0.229370,0.233770,7207239913,1754870399999,1693995397.337740,2417314,3443279876,809240560.556570,0
