open_time,open,high,low,close,volume,close_time,quote_volume,count,taker_buy_volume,taker_buy_quote_volume,ignore
1754697600000,0.230330,0.246730,0.229620,0.239890,8889712981,1754783999999,2124600920.634150,2916448,4366012312,1043681254.221230,0
