open_time,open,high,low,close,volume,close_time,quote_volume,count,taker_buy_volume,taker_buy_quote_volume,ignore
1754265600000,0.198660,0.211190,0.198370,0.210310,6786560440,1754351999999,1384354556.655190,1959303,3376399029,688793107.820510,0
