open_time,open,high,low,close,volume,close_time,quote_volume,count,taker_buy_volume,taker_buy_quote_volume,ignore
1754956800000,0.221980,0.238290,0.218540,0.235710,8398654784,1755043199999,1912067626.337340,2334040,4114599447,937177876.172240,0
