open_time,open,high,low,close,volume,close_time,quote_volume,count,taker_buy_volume,taker_buy_quote_volume,ignore
1754956800000,3.1281,3.3060,3.1024,3.2665,784953757.8,1755043199999,2512137772.16658,2575018,383650264.0,1228178626.30034,0
