open_time,open,high,low,close,volume,close_time,quote_volume,count,taker_buy_volume,taker_buy_quote_volume,ignore
1755129600000,3.2752,3.3565,2.9810,3.0774,1431250635.0,1755215999999,4531477335.15043,4161594,661675863.6,2096522911.16828,0
