open_time,open,high,low,close,volume,close_time,quote_volume,count,taker_buy_volume,taker_buy_quote_volume,ignore
1754697600000,3.2848,3.3468,3.2061,3.2245,672558796.2,1754783999999,2211727067.57466,2395547,325351033.0,1070227478.85940,0
