open_time,open,high,low,close,volume,close_time,quote_volume,count,taker_buy_volume,taker_buy_quote_volume,ignore
1754352000000,3.0700,3.1059,2.9148,2.9607,815181670.4,1754438399999,2454086022.52546,2936261,390267664.1,1175136334.59245,0
