open_time,open,high,low,close,volume,close_time,quote_volume,count,taker_buy_volume,taker_buy_quote_volume,ignore
1755216000000,3.0775,3.1414,3.0010,3.0763,714184195.8,1755302399999,2199266786.87764,2510762,351773806.6,1083399364.55944,0
