open_time,open,high,low,close,volume,close_time,quote_volume,count,taker_buy_volume,taker_buy_quote_volume,ignore
1754438400000,2.9607,3.0168,2.9006,2.9896,599926961.1,1754524799999,1774621836.88708,2469380,296101611.9,875858960.12829,0
