open_time,open,high,low,close,volume,close_time,quote_volume,count,taker_buy_volume,taker_buy_quote_volume,ignore
1754006400000,3.0204,3.0576,2.8910,2.9602,1402958482.0,1754092799999,4175993569.48616,5050672,681315388.0,2028032076.21472,0
