open_time,open,high,low,close,volume,close_time,quote_volume,count,taker_buy_volume,taker_buy_quote_volume,ignore
1754524800000,2.9896,3.3332,2.9630,3.3181,1010852731.4,1754611199999,3169715342.08467,3488891,511585173.4,1604931757.21593,0
