open_time,open,high,low,close,volume,close_time,quote_volume,count,taker_buy_volume,taker_buy_quote_volume,ignore
1754179200000,2.7684,2.9607,2.7266,2.9463,682756087.5,1754265599999,1952998098.47564,2557854,343305088.7,982298647.62595,0
