open_time,open,high,low,close,volume,close_time,quote_volume,count,taker_buy_volume,taker_buy_quote_volume,ignore
1754265600000,2.9462,3.0883,2.9291,3.0701,846807687.7,1754351999999,2558224098.83806,2726560,415975288.2,1256923686.51609,0
