open_time,open,high,low,close,volume,close_time,quote_volume,count,taker_buy_volume,taker_buy_quote_volume,ignore
1754611200000,3.3181,3.3813,3.2050,3.2848,1302058073.7,1754697599999,4304259442.49096,4299929,639117113.4,2112956370.84237,0
