open_time,open,high,low,close,volume,close_time,quote_volume,count,taker_buy_volume,taker_buy_quote_volume,ignore
1755043200000,3.2666,3.3366,3.2012,3.2752,921632605.2,1755129599999,3008597452.67429,2960379,444643092.4,1451834009.04574,0
