open_time,open,high,low,close,volume,close_time,quote_volume,count,taker_buy_volume,taker_buy_quote_volume,ignore
1755302400000,3.0763,3.1548,3.0697,3.1039,377849362.0,1755388799999,1175761303.02293,1506239,186394320.8,580063148.23516,0
