open_time,open,high,low,close,volume,close_time,quote_volume,count,taker_buy_volume,taker_buy_quote_volume,ignore
1754524800000,3681.21,3926.38,3645.78,3908.40,5937102.226,1754611199999,22547412157.43496,6237352,3029290.384,11504081909.95496,0
