open_time,open,high,low,close,volume,close_time,quote_volume,count,taker_buy_volume,taker_buy_quote_volume,ignore
1754956800000,4221.31,4640.00,4216.61,4589.31,8478717.163,1755043199999,37479934448.83552,8681417,4303736.664,19037814775.53742,0
