open_time,open,high,low,close,volume,close_time,quote_volume,count,taker_buy_volume,taker_buy_quote_volume,ignore
1754438400000,3610.19,3697.39,3562.34,3681.21,4199037.186,1754524799999,15227765255.91895,4916416,2067907.873,7500888476.52586,0
