open_time,open,high,low,close,volume,close_time,quote_volume,count,taker_buy_volume,taker_buy_quote_volume,ignore
1754265600000,3495.01,3735.00,3489.28,3719.42,5316512.393,1754351999999,19236902829.45886,6075647,2677248.978,9687462431.98572,0
