open_time,open,high,low,close,volume,close_time,quote_volume,count,taker_buy_volume,taker_buy_quote_volume,ignore
1755129600000,4748.36,4794.00,4451.00,4545.26,10442559.670,1755215999999,48290670951.46872,11233029,5023044.168,23228103400.42674,0
