open_time,open,high,low,close,volume,close_time,quote_volume,count,taker_buy_volume,taker_buy_quote_volume,ignore
1754179200000,3392.42,3520.97,3353.51,3495.00,3427531.227,1754265599999,11864698196.98683,4146890,1754747.792,6074636130.57502,0
