open_time,open,high,low,close,volume,close_time,quote_volume,count,taker_buy_volume,taker_buy_quote_volume,ignore
1754784000000,4259.11,4331.99,4160.00,4248.77,4745124.651,1754870399999,20053465752.63617,5986405,2272308.795,9604507149.15049,0
