open_time,open,high,low,close,volume,close_time,quote_volume,count,taker_buy_volume,taker_buy_quote_volume,ignore
1754697600000,4009.04,4325.24,4005.02,4259.10,6548032.730,1754783999999,27432612279.33882,7055176,3293060.470,13794818979.60294,0
