open_time,open,high,low,close,volume,close_time,quote_volume,count,taker_buy_volume,taker_buy_quote_volume,ignore
1754611200000,3908.40,4070.00,3876.70,4009.05,6145342.857,1754697599999,24345087579.61720,6968705,3066357.114,12148346381.28722,0
