open_time,open,high,low,close,volume,close_time,quote_volume,count,taker_buy_volume,taker_buy_quote_volume,ignore
1754006400000,3696.57,3722.90,3428.86,3486.42,9193572.267,1754092799999,33128314776.46401,10694477,4392233.260,15838218917.15354,0
