open_time,open,high,low,close,volume,close_time,quote_volume,count,taker_buy_volume,taker_buy_quote_volume,ignore
1754870400000,4248.77,4370.00,4164.23,4221.31,7280638.345,1754956799999,31097460175.20050,9226033,3535293.252,15101570850.51035,0
