open_time,open,high,low,close,volume,close_time,quote_volume,count,taker_buy_volume,taker_buy_quote_volume,ignore
1754352000000,3719.41,3720.10,3542.58,3610.19,5815168.146,1754438399999,21058063277.99194,6592665,2798340.263,10134497863.50469,0
