open_time,open,high,low,close,volume,close_time,quote_volume,count,taker_buy_volume,taker_buy_quote_volume,ignore
1755216000000,3.753000,3.841600,3.744000,3.840200,28664861.1,1755230399999,108568333.3694400,238649,14760270.2,55902837.5797100,0
1755230400000,3.840300,3.859100,3.793200,3.847700,28299539.4,1755244799999,108364662.0266600,211937,13259084.0,50771682.1582600,0
1755244800000,3.847700,3.879900,3.805000,3.819300,29668754.4,1755259199999,113941725.5445900,232832,13483016.9,51779051.3407800,0
1755259200000,3.819300,3.878400,3.621700,3.650200,92352209.0,1755273599999,347074129.2821100,584517,44183058.4,166030646.5356100,0
1755273600000,3.650100,3.708300,3.616100,3.652600,42240340.2,1755287999999,154837995.7810100,306518,20309424.2,74475035.0667900,0
1755288000000,3.652800,3.751800,3.640000,3.708700,23661229.8,1755302399999,87526689.2838900,203799,11745673.4,43433541.1293100,0
