open_time,open,high,low,close,volume,close_time,quote_volume,count,taker_buy_volume,taker_buy_quote_volume,ignore
1754352000000,3.588100,3.601100,3.486700,3.493800,28400384.7,1754366399999,100665183.3934000,247579,12666252.0,44901518.7246700,0
1754366400000,3.493800,3.522000,3.420100,3.438300,38341780.0,1754380799999,133131233.0217000,275198,17825225.5,61922692.2225800,0
1754380800000,3.438300,3.571200,3.433400,3.563400,32248879.6,1754395199999,112938915.0420000,261273,16757692.6,58673012.3635400,0
1754395200000,3.563400,3.566600,3.367200,3.385800,80220257.4,1754409599999,276330405.4356900,579209,37271488.0,128417370.7008000,0
1754409600000,3.385600,3.424400,3.370400,3.379300,26479970.9,1754423999999,90040523.5808900,278774,13209689.4,44926534.5136000,0
1754424000000,3.379300,3.421800,3.339300,3.409300,25261681.1,1754438399999,85562915.9212400,226624,11507727.0,39014077.2746700,0
