open_time,open,high,low,close,volume,close_time,quote_volume,count,taker_buy_volume,taker_buy_quote_volume,ignore
1754956800000,3.651600,3.713900,3.647800,3.675900,22641787.0,1754971199999,83474542.2978000,231615,12354579.4,45550211.7898600,0
1754971200000,3.675800,3.701900,3.636300,3.681000,22369081.0,1754985599999,82169140.5362300,202687,10451553.4,38399943.1441800,0
1754985600000,3.681000,3.690600,3.599900,3.641100,28711909.1,1754999999999,104509585.2183700,204891,12718292.5,46305630.3593100,0
1755000000000,3.641000,3.816400,3.625700,3.807000,79964977.8,1755014399999,299775289.3916100,514037,40236039.3,150832345.2733700,0
1755014400000,3.807000,3.906600,3.783600,3.904800,55254944.0,1755028799999,212858101.1451000,365924,28097654.0,108315889.3312000,0
1755028800000,3.905000,3.933300,3.863500,3.882500,32268619.3,1755043199999,125720950.5097100,234361,15376170.8,59915753.2355200,0
