open_time,open,high,low,close,volume,close_time,quote_volume,count,taker_buy_volume,taker_buy_quote_volume,ignore
1754697600000,3.838600,3.937200,3.826900,3.878000,32595993.5,1754711999999,126548433.3809500,299979,17674782.3,68653560.4466700,0
1754712000000,3.878100,3.981400,3.868800,3.909600,44003061.5,1754726399999,172661521.4265600,348525,20678941.4,81137874.3626300,0
1754726400000,3.909600,3.962300,3.903000,3.914500,33632571.6,1754740799999,132301512.0387300,256979,15923172.3,62639673.0674500,0
1754740800000,3.914500,3.976300,3.874400,3.924700,43059058.2,1754755199999,168922182.7786000,336105,19392149.0,76098735.9531800,0
1754755200000,3.924800,3.977400,3.910500,3.949100,27234453.0,1754769599999,107449687.1623200,264625,13335001.6,52604783.0717800,0
1754769600000,3.949100,3.967100,3.885000,3.896800,27448987.6,1754783999999,107773446.7739100,251179,13283299.9,52165835.2902900,0
