open_time,open,high,low,close,volume,close_time,quote_volume,count,taker_buy_volume,taker_buy_quote_volume,ignore
1754611200000,3.788500,3.808800,3.730800,3.773100,50505527.3,1754625599999,190179145.9534900,543869,24976338.1,94055003.1931600,0
1754625600000,3.773000,3.877300,3.747000,3.852000,38020214.9,1754639999999,144860342.5458400,288390,19971536.7,76137923.1771200,0
1754640000000,3.852000,3.884100,3.774800,3.838000,34991036.0,1754654399999,133633061.7744600,330674,18220982.0,69577001.3581300,0
1754654400000,3.838000,3.879800,3.715000,3.750000,57821524.3,1754668799999,219446374.5386600,453193,27627681.6,104858696.8102900,0
1754668800000,3.750000,3.870000,3.743300,3.858900,41856403.5,1754683199999,159847668.1222100,337474,21560579.0,82332180.2523100,0
1754683200000,3.858700,3.882000,3.835000,3.838600,18436106.8,1754697599999,71109524.7137300,188950,8773714.8,33843014.0633600,0
