open_time,open,high,low,close,volume,close_time,quote_volume,count,taker_buy_volume,taker_buy_quote_volume,ignore
1755043200000,3.882400,3.927800,3.815300,3.907100,40017017.1,1755057599999,154803229.6616700,299190,19488515.4,75435122.1639500,0
1755057600000,3.907100,3.937900,3.841700,3.906300,35226308.3,1755071999999,136876377.0801600,273092,17414570.4,67692494.7127600,0
1755072000000,3.906300,4.070000,3.903300,4.039600,71822072.6,1755086399999,286709975.4011500,373172,37039462.2,147869400.8549100,0
1755086400000,4.039600,4.073600,3.905200,3.948900,92065537.4,1755100799999,367253673.7043400,532246,42614337.8,170073495.7926700,0
1755100800000,3.949300,4.006700,3.938200,3.990100,39759350.9,1755115199999,158024081.4284600,275986,19584023.5,77837308.6995600,0
1755115200000,3.990000,4.034900,3.960600,4.005100,27047483.3,1755129599999,108188500.4070700,214842,13751255.2,54996640.0737200,0
