open_time,open,high,low,close,volume,close_time,quote_volume,count,taker_buy_volume,taker_buy_quote_volume,ignore
1754006400000,3.612200,3.632300,3.486400,3.601700,84428145.9,1754020799999,300970642.2277100,637903,40474861.3,144368444.8545200,0
1754020800000,3.601600,3.601700,3.495500,3.524900,43379127.2,1754035199999,153784207.6495600,380467,20233383.1,71735061.0436100,0
1754035200000,3.524800,3.524800,3.425000,3.508600,64816756.5,1754049599999,225577836.7390800,465781,29917230.8,104189304.9736900,0
1754049600000,3.508500,3.554200,3.413000,3.545700,88441325.7,1754063999999,309679509.1795600,667786,43385224.3,152020091.5847400,0
1754064000000,3.545700,3.595000,3.505200,3.561900,61180695.5,1754078399999,217445275.6282300,510073,30180576.6,107277891.4754800,0
1754078400000,3.561900,3.573100,3.351900,3.457700,71208174.6,1754092799999,246192570.9250700,623761,33005427.5,114121443.6967800,0
