open_time,open,high,low,close,volume,close_time,quote_volume,count,taker_buy_volume,taker_buy_quote_volume,ignore
1754870400000,3.874500,3.977900,3.852400,3.959900,37113686.8,1754884799999,145721338.0761000,340462,17724838.2,69614346.6914500,0
1754884800000,3.960000,3.971700,3.830000,3.831500,37019780.8,1754899199999,144896847.7815900,297683,16551402.1,64827500.7596600,0
1754899200000,3.831500,3.871300,3.710500,3.724200,62297933.8,1754913599999,236442381.6325400,440538,27781595.1,105527901.8762400,0
1754913600000,3.724100,3.777000,3.691100,3.732800,74317630.3,1754927999999,277278311.7344600,444782,35247550.0,131540642.8942600,0
1754928000000,3.732900,3.779300,3.667900,3.697800,42900441.9,1754942399999,159533246.7261500,388224,19438802.5,72315536.4873900,0
1754942400000,3.697800,3.705400,3.619400,3.651700,31973307.3,1754956799999,116970624.9303100,256256,15464936.3,56583395.1605000,0
