open_time,open,high,low,close,volume,close_time,quote_volume,count,taker_buy_volume,taker_buy_quote_volume,ignore
1754524800000,3.497300,3.520200,3.445500,3.448700,20493743.6,1754539199999,71295842.8760400,184861,8927730.6,31056959.0249000,0
1754539200000,3.448700,3.526400,3.441200,3.513300,22178706.9,1754553599999,77359633.8809600,231317,11652018.9,40643636.5088700,0
1754553600000,3.513400,3.730000,3.495600,3.708100,65453456.4,1754567999999,237147388.2176900,504477,34024917.6,123198152.2630400,0
1754568000000,3.708200,3.785100,3.701100,3.732400,64083925.1,1754582399999,239552938.6677800,448723,31127014.3,116359602.9953100,0
1754582400000,3.732300,3.755100,3.630100,3.739000,48642091.3,1754596799999,179544394.5660400,428783,22022244.7,81357725.5177200,0
1754596800000,3.739200,3.794200,3.719000,3.788600,30312494.7,1754611199999,113618934.4838400,277510,14574156.3,54654738.5982000,0
