open_time,open,high,low,close,volume,close_time,quote_volume,count,taker_buy_volume,taker_buy_quote_volume,ignore
1754784000000,3.896900,3.976400,3.882000,3.956300,38740968.7,1754798399999,152233493.1874700,305037,19605796.0,77075316.8577000,0
1754798400000,3.956400,4.000000,3.800000,3.823500,54343123.2,1754812799999,212013537.2189500,452630,25054297.1,97848619.6590000,0
1754812800000,3.823500,3.859800,3.780000,3.803400,36357907.6,1754827199999,138747173.8703600,326515,17200405.0,65666954.7420700,0
1754827200000,3.803300,3.867600,3.792100,3.860000,29671871.1,1754841599999,113777863.3465100,250125,15103320.6,57927607.8124700,0
1754841600000,3.860000,3.895000,3.850000,3.890600,23250048.6,1754855999999,90051533.5384800,231730,10735518.2,41601464.1048700,0
1754856000000,3.890700,3.896200,3.817000,3.874400,21588973.3,1754870399999,83220111.1102200,237388,10616400.2,40920765.1424200,0
