open_time,open,high,low,close,volume,close_time,quote_volume,count,taker_buy_volume,taker_buy_quote_volume,ignore
1755129600000,4.005100,4.182900,3.992300,4.151200,63607615.6,1755143999999,259822501.4546100,398252,32894260.6,134388052.0881400,0
1755144000000,4.151200,4.171200,3.985800,4.019300,65791639.3,1755158399999,266977916.8914800,405171,31023793.0,125879744.5794300,0
1755158400000,4.019400,4.020500,3.910000,3.945800,46202725.9,1755172799999,182917806.8166400,351650,21459491.7,84980321.4242400,0
1755172800000,3.945800,3.979900,3.670000,3.813000,151823644.7,1755187199999,578536205.6273500,878972,71390573.7,272079142.3488300,0
1755187200000,3.812900,3.814200,3.710000,3.729200,42324383.4,1755201599999,159172793.3519400,350829,19601590.2,73718634.2852400,0
1755201600000,3.729200,3.766100,3.650000,3.753000,37582916.0,1755215999999,139370627.7893500,290380,18003987.9,66803269.1302700,0
