open_time,open,high,low,close,volume,close_time,quote_volume,count,taker_buy_volume,taker_buy_quote_volume,ignore
1754265600000,3.444700,3.518700,3.430700,3.489000,30880768.1,1754279999999,107465484.3699300,275357,15032190.4,52324146.0282800,0
1754280000000,3.489100,3.507800,3.446100,3.483200,25484280.3,1754294399999,88641517.8073200,232031,11886624.7,41352606.7354800,0
1754294400000,3.483300,3.497800,3.406200,3.428200,27169584.7,1754308799999,93620194.5846600,228464,12558110.2,43291791.9566900,0
1754308800000,3.428300,3.560400,3.428300,3.498900,65342339.8,1754323199999,228771060.8395400,528048,33319996.2,116664882.1381500,0
1754323200000,3.499000,3.634100,3.497600,3.508500,54176719.9,1754337599999,193049207.9590100,427068,26960384.6,96025293.2829100,0
1754337600000,3.508500,3.608200,3.500600,3.588200,29836582.1,1754351999999,106500345.9455600,270187,14105640.4,50339781.3675500,0
