open_time,open,high,low,close,volume,close_time,quote_volume,count,taker_buy_volume,taker_buy_quote_volume,ignore
1755388800000,3.771500,3.792300,3.737400,3.785900,15399398.1,1755403199999,58000043.0031200,139548,7540261.3,28415826.8406100,0
1755403200000,3.785900,3.826600,3.784400,3.802800,18414152.2,1755417599999,70057604.8335400,146259,9102349.7,34635257.5807400,0
1755417600000,3.802800,3.842500,3.789000,3.841400,21562712.8,1755431999999,82350660.2858900,155415,11050225.7,42202469.0898000,0
1755432000000,3.841500,3.885000,3.800400,3.882500,34925765.8,1755446399999,134260544.2458400,220744,17329946.4,66609336.0699400,0
1755446400000,3.882500,3.893400,3.767300,3.783000,36353913.0,1755460799999,139189426.8016500,248688,16686900.8,63908772.2802800,0
1755460800000,3.783000,3.825400,3.757100,3.763100,22471578.2,1755475199999,85144470.8295000,174941,10203944.8,38682908.8031100,0
