open_time,open,high,low,close,volume,close_time,quote_volume,count,taker_buy_volume,taker_buy_quote_volume,ignore
1755302400000,3.708700,3.758700,3.701300,3.725100,16599055.4,1755316799999,61972326.0417100,163843,8022991.6,29954677.6329700,0
1755316800000,3.725000,3.743700,3.692800,3.722300,17122681.2,1755331199999,63596975.3928700,139103,8119667.8,30170031.4107800,0
1755331200000,3.722300,3.742400,3.676000,3.678800,27882097.1,1755345599999,103328805.4093800,222349,12905498.6,47833789.8316000,0
1755345600000,3.678900,3.773800,3.665000,3.756400,32992417.1,1755359999999,122988144.1112300,227637,15885372.5,59232852.2860300,0
1755360000000,3.756300,3.780000,3.738400,3.754700,13634900.5,1755374399999,51232892.9511100,145093,6907095.2,25954604.5630700,0
1755374400000,3.754600,3.776000,3.745300,3.771500,9506574.1,1755388799999,35765261.2955900,108859,4521660.3,17012424.1569900,0
