open_time,open,high,low,close,volume,close_time,quote_volume,count,taker_buy_volume,taker_buy_quote_volume,ignore
1754438400000,3.409500,3.411100,3.342700,3.349800,21063039.5,1754452799999,71129351.2215600,215046,9733789.0,32882825.5473800,0
1754452800000,3.349900,3.451500,3.325700,3.448800,34543704.9,1754467199999,117366723.7913100,268521,17202744.5,58475124.8453500,0
1754467200000,3.448900,3.454800,3.390200,3.402000,25143244.9,1754481599999,85832236.3804800,215674,11898786.6,40625887.7673700,0
1754481600000,3.401900,3.503800,3.368100,3.493500,42791796.8,1754495999999,146787810.8008600,415865,21691113.0,74437672.6013100,0
1754496000000,3.493600,3.527800,3.452600,3.504400,29757716.0,1754510399999,103894352.7755300,244268,13993272.1,48866326.0332100,0
1754510400000,3.504200,3.514900,3.478900,3.497400,16664363.3,1754524799999,58307104.8384900,145711,8071621.1,28249656.1577700,0
