open_time,open,high,low,close,volume,close_time,quote_volume,count,taker_buy_volume,taker_buy_quote_volume,ignore
1754179200000,3.333200,3.420000,3.280000,3.408400,36377313.2,1754193599999,122423243.3706500,330662,18489604.5,62255178.3043700,0
1754193600000,3.408500,3.424900,3.387000,3.422400,14567277.1,1754207999999,49566788.9148400,131973,6992535.3,23798026.9048300,0
1754208000000,3.422400,3.481700,3.422200,3.454400,30630787.2,1754222399999,105677454.8053300,206505,15437884.6,53263038.1656700,0
1754222400000,3.454400,3.466900,3.404200,3.420800,28828351.6,1754236799999,98944845.5378000,223639,13390399.6,45967829.8778500,0
1754236800000,3.420600,3.465000,3.402300,3.432400,21969632.3,1754251199999,75308741.1798200,200204,12177233.8,41746037.8539000,0
1754251200000,3.432500,3.474200,3.412800,3.444600,19206450.8,1754265599999,66062580.9979200,191869,9246289.6,31807042.6340800,0
