open_time,open,high,low,close,volume,close_time,quote_volume,count,taker_buy_volume,taker_buy_quote_volume,ignore
1754092800000,3.457700,3.513900,3.444500,3.500200,23199886.7,1754107199999,80953349.9453400,204630,11593914.5,40460607.4145200,0
1754107200000,3.500200,3.532900,3.425200,3.507900,30600750.2,1754121599999,106609106.2640900,281394,14411278.6,50205456.8942800,0
1754121600000,3.508000,3.512600,3.383700,3.418500,34590081.7,1754135999999,119011889.6404700,320333,16403825.0,56437461.8990300,0
1754136000000,3.418500,3.444800,3.346700,3.360200,35568987.0,1754150399999,120700900.8687300,324932,16390829.6,55640029.1564700,0
1754150400000,3.360300,3.392700,3.264900,3.315200,67997086.2,1754164799999,226245981.1252000,519232,30494108.7,101493857.2799400,0
1754164800000,3.315200,3.370700,3.299700,3.333100,27678224.3,1754179199999,92364539.3172100,299448,13327473.7,44478820.7760200,0
